{
    "ACC": 0.3819241982507289,
    "AUC": NaN,
    "AUPRC": 1.0,
    "IT": 0.295,
    "SV": 0.30612244897959184,
    "AR": 0.34,
    "ZH": 0.615,
    "HI": 0.5,
    "FR": 0.36,
    "EN": 0.39215686274509803,
    "ES": 0.32673267326732675,
    "DE": 0.385,
    "FI": 0.42,
    "EU": 0.3434343434343434,
    "CA": 0.24,
    "FA": 0.39,
    "CS": 0.31
}