{
    "ACC": 0.7621824239900041,
    "AUC": NaN,
    "AUPRC": 1.0,
    "IT": 0.83,
    "SV": 0.7704081632653061,
    "AR": 0.68,
    "ZH": 0.765,
    "HI": 0.705,
    "FR": 0.725,
    "EN": 0.8774509803921569,
    "ES": 0.7326732673267327,
    "DE": 0.85,
    "FI": 0.675,
    "EU": 0.7474747474747475,
    "CA": 0.74,
    "FA": 0.8,
    "CS": 0.78
}