{
    "ACC": 0.2811328613077884,
    "AUC": NaN,
    "AUPRC": 1.0,
    "IT": 0.22,
    "SV": 0.2602040816326531,
    "AR": 0.345,
    "ZH": 0.41,
    "HI": 0.275,
    "FR": 0.25,
    "EN": 0.19607843137254902,
    "ES": 0.18811881188118812,
    "DE": 0.315,
    "FI": 0.325,
    "EU": 0.32323232323232326,
    "CA": 0.2,
    "FA": 0.36,
    "CS": 0.3
}