{
    "ACC": 0.6934610578925448,
    "AUC": NaN,
    "AUPRC": 1.0,
    "IT": 0.59,
    "SV": 0.6428571428571429,
    "AR": 0.735,
    "ZH": 0.695,
    "HI": 0.705,
    "FR": 0.665,
    "EN": 0.7352941176470589,
    "ES": 0.6732673267326733,
    "DE": 0.665,
    "FI": 0.725,
    "EU": 0.7474747474747475,
    "CA": 0.59,
    "FA": 0.79,
    "CS": 0.85
}