{
    "ACC": 0.6193252811328613,
    "AUC": NaN,
    "AUPRC": 1.0,
    "IT": 0.585,
    "SV": 0.75,
    "AR": 0.68,
    "ZH": 0.49,
    "HI": 0.475,
    "FR": 0.685,
    "EN": 0.7843137254901961,
    "ES": 0.5198019801980198,
    "DE": 0.66,
    "FI": 0.67,
    "EU": 0.5959595959595959,
    "CA": 0.49,
    "FA": 0.53,
    "CS": 0.65
}