{
    "ACC": 0.5226988754685548,
    "AUC": NaN,
    "AUPRC": 1.0,
    "IT": 0.495,
    "SV": 0.6020408163265306,
    "AR": 0.54,
    "ZH": 0.47,
    "HI": 0.62,
    "FR": 0.565,
    "EN": 0.36764705882352944,
    "ES": 0.48514851485148514,
    "DE": 0.495,
    "FI": 0.56,
    "EU": 0.6060606060606061,
    "CA": 0.38,
    "FA": 0.47,
    "CS": 0.7
}