{
    "ACC": 0.15160349854227406,
    "AUC": NaN,
    "AUPRC": 1.0,
    "IT": 0.145,
    "SV": 0.1836734693877551,
    "AR": 0.135,
    "ZH": 0.18,
    "HI": 0.12,
    "FR": 0.175,
    "EN": 0.07352941176470588,
    "ES": 0.16336633663366337,
    "DE": 0.155,
    "FI": 0.195,
    "EU": 0.13131313131313133,
    "CA": 0.1,
    "FA": 0.18,
    "CS": 0.18
}