{
    "ACC": 0.7617659308621407,
    "AUC": NaN,
    "AUPRC": 1.0,
    "IT": 0.82,
    "SV": 0.7397959183673469,
    "AR": 0.66,
    "ZH": 0.78,
    "HI": 0.765,
    "FR": 0.685,
    "EN": 0.8627450980392157,
    "ES": 0.7673267326732673,
    "DE": 0.835,
    "FI": 0.7,
    "EU": 0.7878787878787878,
    "CA": 0.77,
    "FA": 0.72,
    "CS": 0.77
}