{
    "ACC": 0.7451062057476051,
    "AUC": NaN,
    "AUPRC": 1.0,
    "IT": 0.75,
    "SV": 0.7857142857142857,
    "AR": 0.735,
    "ZH": 0.785,
    "HI": 0.76,
    "FR": 0.715,
    "EN": 0.803921568627451,
    "ES": 0.7227722772277227,
    "DE": 0.635,
    "FI": 0.7,
    "EU": 0.8080808080808081,
    "CA": 0.83,
    "FA": 0.75,
    "CS": 0.71
}