{
    "ACC": 0.50535,
    "AUC": 0.50535,
    "AUPRC": 0.7506982183357693
}