{
    "ACC": 0.52195,
    "AUC": 0.5219499999999999,
    "AUPRC": 0.7250373277025044
}