{
    "ACC": 0.50825,
    "AUC": 0.50825,
    "AUPRC": 0.751335967130215
}