{
    "ACC": 0.48415,
    "AUC": 0.48414999999999997,
    "AUPRC": 0.4995179631717399
}