{
    "ACC": 0.5038,
    "AUC": 0.5037999999999999,
    "AUPRC": 0.7505053499597747
}