{
    "ACC": 0.5197,
    "AUC": 0.5196999999999999,
    "AUPRC": 0.6297254385964912
}