{
    "ACC": 0.48465,
    "AUC": 0.48465,
    "AUPRC": 0.4129414433617539
}