{
    "ACC": 0.4976,
    "AUC": 0.49760000000000004,
    "AUPRC": 0.49812177419354836
}