{
    "ACC": 0.48585,
    "AUC": 0.48585,
    "AUPRC": 0.49353879690949226
}