{
    "ACC": 0.49965,
    "AUC": 0.49965,
    "AUPRC": 0.3055805555555556
}