{
    "ACC": 0.53375,
    "AUC": 0.5337500000000001,
    "AUPRC": 0.7499500201667114
}