{
    "ACC": 0.47675,
    "AUC": 0.47675000000000006,
    "AUPRC": 0.33510108225108226
}