{
    "ACC": 0.5167,
    "AUC": 0.5166999999999999,
    "AUPRC": 0.7420469365895458
}