{
    "ACC": 0.4841,
    "AUC": 0.48410000000000003,
    "AUPRC": 0.6510602977667495
}