{
    "ACC": 0.47845,
    "AUC": 0.47845,
    "AUPRC": 0.5427247930082797
}