{
    "ACC": 0.52255,
    "AUC": 0.52255,
    "AUPRC": 0.7400986844987133
}