{
    "ACC": 0.48985,
    "AUC": 0.48984999999999995,
    "AUPRC": 0.32911610169491523
}