{
    "ACC": 0.50345,
    "AUC": 0.5034500000000001,
    "AUPRC": 0.6042054186735828
}