{
    "ACC": 0.47525,
    "AUC": 0.47524999999999995,
    "AUPRC": 0.5558233852320025
}