{
    "ACC": 0.53005,
    "AUC": 0.53005,
    "AUPRC": 0.7488748258773106
}