{
    "ACC": 0.4971,
    "AUC": 0.49710000000000004,
    "AUPRC": 0.32347073170731705
}