{
    "ACC": 0.48855,
    "AUC": 0.48855000000000004,
    "AUPRC": 0.45902110154125114
}