{
    "ACC": 0.4935,
    "AUC": 0.49349999999999994,
    "AUPRC": 0.3240445652173913
}