{
    "ACC": 0.49805,
    "AUC": 0.49804999999999994,
    "AUPRC": 0.5098204397981254
}