{
    "ACC": 0.48905,
    "AUC": 0.48905000000000004,
    "AUPRC": 0.30733710247349827
}