{
    "ACC": 0.5098,
    "AUC": 0.5097999999999999,
    "AUPRC": 0.7517812639254607
}