{
    "ACC": 0.4845,
    "AUC": 0.48450000000000004,
    "AUPRC": 0.5369710104076322
}