{
    "ACC": 0.49925,
    "AUC": 0.49924999999999997,
    "AUPRC": 0.3215035714285714
}