{
    "ACC": 0.52235,
    "AUC": 0.5223500000000001,
    "AUPRC": 0.753884418646601
}