{
    "ACC": 0.7259475218658892,
    "AUC": NaN,
    "AUPRC": 1.0,
    "IT": 0.725,
    "SV": 0.8137755102040817,
    "AR": 0.725,
    "ZH": 0.8,
    "HI": 0.6625,
    "FR": 0.655,
    "EN": 0.8455882352941176,
    "ES": 0.6658415841584159,
    "DE": 0.77,
    "FI": 0.665,
    "EU": 0.7525252525252525,
    "CA": 0.72,
    "FA": 0.61,
    "CS": 0.685
}