{
    "ACC": 0.9546022490628905,
    "AUC": NaN,
    "AUPRC": 1.0,
    "IT": 0.985,
    "SV": 1.0,
    "AR": 0.995,
    "ZH": 0.795,
    "HI": 0.975,
    "FR": 0.98,
    "EN": 0.8529411764705882,
    "ES": 0.9158415841584159,
    "DE": 0.975,
    "FI": 0.99,
    "EU": 1.0,
    "CA": 1.0,
    "FA": 1.0,
    "CS": 0.99
}