{
    "ACC": 0.03685964181591004,
    "AUC": NaN,
    "AUPRC": 1.0,
    "IT": 0.0375,
    "SV": 0.015306122448979591,
    "AR": 0.025,
    "ZH": 0.0175,
    "HI": 0.0525,
    "FR": 0.0375,
    "EN": 0.0196078431372549,
    "ES": 0.04455445544554455,
    "DE": 0.0525,
    "FI": 0.0575,
    "EU": 0.06565656565656566,
    "CA": 0.025,
    "FA": 0.015,
    "CS": 0.06
}