{
    "ACC": 0.04581424406497293,
    "AUC": NaN,
    "AUPRC": 1.0,
    "IT": 0.05,
    "SV": 0.015306122448979591,
    "AR": 0.05,
    "ZH": 0.015,
    "HI": 0.04,
    "FR": 0.045,
    "EN": 0.0196078431372549,
    "ES": 0.06435643564356436,
    "DE": 0.05,
    "FI": 0.085,
    "EU": 0.09090909090909091,
    "CA": 0.03,
    "FA": 0.03,
    "CS": 0.08
}