{
    "ACC": 0.2340691378592253,
    "AUC": NaN,
    "AUPRC": 1.0,
    "IT": 0.145,
    "SV": 0.18877551020408162,
    "AR": 0.18,
    "ZH": 0.295,
    "HI": 0.245,
    "FR": 0.355,
    "EN": 0.1323529411764706,
    "ES": 0.21287128712871287,
    "DE": 0.345,
    "FI": 0.255,
    "EU": 0.2828282828282828,
    "CA": 0.15,
    "FA": 0.22,
    "CS": 0.26
}