{
    "ACC": 0.7309454394002499,
    "AUC": NaN,
    "AUPRC": 1.0,
    "IT": 0.635,
    "SV": 0.8520408163265306,
    "AR": 0.895,
    "ZH": 0.705,
    "HI": 0.9,
    "FR": 0.8,
    "EN": 0.29901960784313725,
    "ES": 0.6089108910891089,
    "DE": 0.565,
    "FI": 0.88,
    "EU": 0.8686868686868687,
    "CA": 0.65,
    "FA": 0.88,
    "CS": 0.89
}