{
    "ACC": 0.2815493544356518,
    "AUC": NaN,
    "AUPRC": 1.0,
    "IT": 0.215,
    "SV": 0.1377551020408163,
    "AR": 0.23,
    "ZH": 0.21,
    "HI": 0.5,
    "FR": 0.42,
    "EN": 0.1715686274509804,
    "ES": 0.2524752475247525,
    "DE": 0.235,
    "FI": 0.415,
    "EU": 0.2828282828282828,
    "CA": 0.27,
    "FA": 0.3,
    "CS": 0.33
}