{
    "ACC": 0.3211162015826739,
    "AUC": NaN,
    "AUPRC": 1.0,
    "IT": 0.22,
    "SV": 0.10714285714285714,
    "AR": 0.27,
    "ZH": 0.195,
    "HI": 0.55,
    "FR": 0.45,
    "EN": 0.2107843137254902,
    "ES": 0.32673267326732675,
    "DE": 0.36,
    "FI": 0.42,
    "EU": 0.3939393939393939,
    "CA": 0.29,
    "FA": 0.46,
    "CS": 0.34
}