{
    "ACC": 0.44731361932528113,
    "AUC": NaN,
    "AUPRC": 1.0,
    "IT": 0.445,
    "SV": 0.39285714285714285,
    "AR": 0.29,
    "ZH": 0.56,
    "HI": 0.385,
    "FR": 0.37,
    "EN": 0.6764705882352942,
    "ES": 0.5,
    "DE": 0.525,
    "FI": 0.41,
    "EU": 0.3939393939393939,
    "CA": 0.54,
    "FA": 0.37,
    "CS": 0.31
}