{
    "ACC": 0.29571012078300707,
    "AUC": NaN,
    "AUPRC": 1.0,
    "IT": 0.25,
    "SV": 0.2193877551020408,
    "AR": 0.29,
    "ZH": 0.215,
    "HI": 0.44,
    "FR": 0.385,
    "EN": 0.09803921568627451,
    "ES": 0.2079207920792079,
    "DE": 0.295,
    "FI": 0.375,
    "EU": 0.5353535353535354,
    "CA": 0.28,
    "FA": 0.4,
    "CS": 0.34
}