{
    "ACC": 0.12640566430653893,
    "AUC": NaN,
    "AUPRC": 1.0,
    "IT": 0.0775,
    "SV": 0.061224489795918366,
    "AR": 0.09,
    "ZH": 0.1325,
    "HI": 0.2125,
    "FR": 0.18,
    "EN": 0.0392156862745098,
    "ES": 0.11138613861386139,
    "DE": 0.205,
    "FI": 0.155,
    "EU": 0.1111111111111111,
    "CA": 0.095,
    "FA": 0.125,
    "CS": 0.175
}