{
    "ACC": 0.48792169929196166,
    "AUC": NaN,
    "AUPRC": 1.0,
    "IT": 0.4225,
    "SV": 0.6428571428571429,
    "AR": 0.53,
    "ZH": 0.55,
    "HI": 0.475,
    "FR": 0.49,
    "EN": 0.23774509803921567,
    "ES": 0.40594059405940597,
    "DE": 0.5025,
    "FI": 0.5575,
    "EU": 0.6212121212121212,
    "CA": 0.35,
    "FA": 0.485,
    "CS": 0.645
}