{
    "ACC": 0.15285297792586422,
    "AUC": NaN,
    "AUPRC": 1.0,
    "IT": 0.095,
    "SV": 0.04591836734693878,
    "AR": 0.115,
    "ZH": 0.13,
    "HI": 0.305,
    "FR": 0.24,
    "EN": 0.058823529411764705,
    "ES": 0.13366336633663367,
    "DE": 0.215,
    "FI": 0.175,
    "EU": 0.1414141414141414,
    "CA": 0.11,
    "FA": 0.18,
    "CS": 0.21
}