{
    "ACC": 0.56143273635985,
    "AUC": NaN,
    "AUPRC": 1.0,
    "IT": 0.49,
    "SV": 0.8673469387755102,
    "AR": 0.69,
    "ZH": 0.465,
    "HI": 0.63,
    "FR": 0.655,
    "EN": 0.1568627450980392,
    "ES": 0.5,
    "DE": 0.515,
    "FI": 0.425,
    "EU": 0.7272727272727273,
    "CA": 0.48,
    "FA": 0.69,
    "CS": 0.82
}