{
    "ACC": 0.36193252811328613,
    "AUC": NaN,
    "AUPRC": 1.0,
    "IT": 0.345,
    "SV": 0.7551020408163265,
    "AR": 0.515,
    "ZH": 0.335,
    "HI": 0.21,
    "FR": 0.25,
    "EN": 0.10294117647058823,
    "ES": 0.31683168316831684,
    "DE": 0.39,
    "FI": 0.415,
    "EU": 0.5252525252525253,
    "CA": 0.29,
    "FA": 0.19,
    "CS": 0.44
}