{
    "ACC": 0.45022907122032485,
    "AUC": NaN,
    "AUPRC": 1.0,
    "IT": 0.405,
    "SV": 0.4387755102040816,
    "AR": 0.485,
    "ZH": 0.53,
    "HI": 0.465,
    "FR": 0.465,
    "EN": 0.28431372549019607,
    "ES": 0.3712871287128713,
    "DE": 0.475,
    "FI": 0.495,
    "EU": 0.5252525252525253,
    "CA": 0.32,
    "FA": 0.51,
    "CS": 0.63
}