{
    "ACC": 0.013327780091628489,
    "AUC": NaN,
    "AUPRC": 1.0,
    "IT": 0.005,
    "SV": 0.00510204081632653,
    "AR": 0.025,
    "ZH": 0.005,
    "HI": 0.035,
    "FR": 0.01,
    "EN": 0.00980392156862745,
    "ES": 0.009900990099009901,
    "DE": 0.0,
    "FI": 0.02,
    "EU": 0.0,
    "CA": 0.04,
    "FA": 0.03,
    "CS": 0.0
}