{
    "ACC": 0.7488546438983756,
    "AUC": NaN,
    "AUPRC": 1.0,
    "IT": 0.775,
    "SV": 0.8877551020408163,
    "AR": 0.9,
    "ZH": 0.585,
    "HI": 0.82,
    "FR": 0.68,
    "EN": 0.5196078431372549,
    "ES": 0.6732673267326733,
    "DE": 0.665,
    "FI": 0.84,
    "EU": 0.8585858585858586,
    "CA": 0.87,
    "FA": 0.76,
    "CS": 0.81
}