{
    "ACC": 0.3369429404414827,
    "AUC": NaN,
    "AUPRC": 1.0,
    "IT": 0.4,
    "SV": 0.10714285714285714,
    "AR": 0.26,
    "ZH": 0.305,
    "HI": 0.395,
    "FR": 0.365,
    "EN": 0.553921568627451,
    "ES": 0.2524752475247525,
    "DE": 0.415,
    "FI": 0.31,
    "EU": 0.23232323232323232,
    "CA": 0.46,
    "FA": 0.38,
    "CS": 0.27
}