{
    "ACC": 0.7478134110787172,
    "AUC": NaN,
    "AUPRC": 1.0,
    "IT": 0.7575,
    "SV": 0.8290816326530612,
    "AR": 0.7325,
    "ZH": 0.84,
    "HI": 0.715,
    "FR": 0.6375,
    "EN": 0.7328431372549019,
    "ES": 0.6658415841584159,
    "DE": 0.775,
    "FI": 0.7775,
    "EU": 0.8434343434343434,
    "CA": 0.73,
    "FA": 0.71,
    "CS": 0.745
}