{
    "ACC": 0.21116201582673885,
    "AUC": NaN,
    "AUPRC": 1.0,
    "IT": 0.17,
    "SV": 0.10459183673469388,
    "AR": 0.1625,
    "ZH": 0.2025,
    "HI": 0.255,
    "FR": 0.25,
    "EN": 0.13970588235294118,
    "ES": 0.22277227722772278,
    "DE": 0.25,
    "FI": 0.305,
    "EU": 0.23737373737373738,
    "CA": 0.16,
    "FA": 0.29,
    "CS": 0.255
}