{
    "ACC": 0.8715118700541441,
    "AUC": NaN,
    "AUPRC": 1.0,
    "IT": 0.915,
    "SV": 0.923469387755102,
    "AR": 0.8525,
    "ZH": 0.87,
    "HI": 0.8675,
    "FR": 0.82,
    "EN": 0.928921568627451,
    "ES": 0.8242574257425742,
    "DE": 0.89,
    "FI": 0.84,
    "EU": 0.8939393939393939,
    "CA": 0.905,
    "FA": 0.8,
    "CS": 0.855
}