{
    "ACC": 0.019575177009579343,
    "AUC": NaN,
    "AUPRC": 1.0,
    "IT": 0.015,
    "SV": 0.0,
    "AR": 0.025,
    "ZH": 0.02,
    "HI": 0.07,
    "FR": 0.02,
    "EN": 0.0,
    "ES": 0.0049504950495049506,
    "DE": 0.01,
    "FI": 0.045,
    "EU": 0.020202020202020204,
    "CA": 0.0,
    "FA": 0.01,
    "CS": 0.02
}