{
    "ACC": 0.8646397334443982,
    "AUC": NaN,
    "AUPRC": 1.0,
    "IT": 0.875,
    "SV": 0.9693877551020408,
    "AR": 0.92,
    "ZH": 0.885,
    "HI": 0.79,
    "FR": 0.78,
    "EN": 0.946078431372549,
    "ES": 0.8267326732673267,
    "DE": 0.935,
    "FI": 0.755,
    "EU": 0.898989898989899,
    "CA": 0.88,
    "FA": 0.78,
    "CS": 0.83
}