{
    "ACC": 0.6917950853810912,
    "AUC": NaN,
    "AUPRC": 1.0,
    "IT": 0.5975,
    "SV": 0.7678571428571429,
    "AR": 0.85,
    "ZH": 0.7125,
    "HI": 0.8075,
    "FR": 0.75,
    "EN": 0.35049019607843135,
    "ES": 0.5841584158415841,
    "DE": 0.565,
    "FI": 0.8025,
    "EU": 0.797979797979798,
    "CA": 0.585,
    "FA": 0.83,
    "CS": 0.835
}