{
    "ACC": 0.5593502707205331,
    "AUC": NaN,
    "AUPRC": 1.0,
    "IT": 0.48,
    "SV": 0.8724489795918368,
    "AR": 0.69,
    "ZH": 0.5,
    "HI": 0.44,
    "FR": 0.56,
    "EN": 0.16666666666666666,
    "ES": 0.5247524752475248,
    "DE": 0.555,
    "FI": 0.62,
    "EU": 0.8080808080808081,
    "CA": 0.54,
    "FA": 0.54,
    "CS": 0.75
}