{
    "ACC": 0.21241149521032904,
    "AUC": NaN,
    "AUPRC": 1.0,
    "IT": 0.16,
    "SV": 0.07142857142857142,
    "AR": 0.23,
    "ZH": 0.16,
    "HI": 0.37,
    "FR": 0.245,
    "EN": 0.3382352941176471,
    "ES": 0.16831683168316833,
    "DE": 0.165,
    "FI": 0.19,
    "EU": 0.18181818181818182,
    "CA": 0.19,
    "FA": 0.37,
    "CS": 0.15
}