{
    "ACC": 0.3498542274052478,
    "AUC": NaN,
    "AUPRC": 1.0,
    "IT": 0.32,
    "SV": 0.18877551020408162,
    "AR": 0.3475,
    "ZH": 0.22,
    "HI": 0.515,
    "FR": 0.46,
    "EN": 0.19117647058823528,
    "ES": 0.36386138613861385,
    "DE": 0.3225,
    "FI": 0.4025,
    "EU": 0.4393939393939394,
    "CA": 0.37,
    "FA": 0.51,
    "CS": 0.415
}