{
    "ACC": 0.7742607246980425,
    "AUC": NaN,
    "AUPRC": 1.0,
    "IT": 0.805,
    "SV": 0.9336734693877551,
    "AR": 0.755,
    "ZH": 0.905,
    "HI": 0.68,
    "FR": 0.655,
    "EN": 0.7401960784313726,
    "ES": 0.7079207920792079,
    "DE": 0.81,
    "FI": 0.78,
    "EU": 0.8787878787878788,
    "CA": 0.79,
    "FA": 0.63,
    "CS": 0.75
}