{
    "ACC": 0.5751770095793419,
    "AUC": NaN,
    "AUPRC": 1.0,
    "IT": 0.52,
    "SV": 0.8724489795918368,
    "AR": 0.81,
    "ZH": 0.515,
    "HI": 0.475,
    "FR": 0.585,
    "EN": 0.19117647058823528,
    "ES": 0.4752475247524752,
    "DE": 0.55,
    "FI": 0.62,
    "EU": 0.696969696969697,
    "CA": 0.55,
    "FA": 0.68,
    "CS": 0.68
}