{
    "ACC": 0.5335276967930029,
    "AUC": NaN,
    "AUPRC": 1.0,
    "IT": 0.515,
    "SV": 0.8520408163265306,
    "AR": 0.64,
    "ZH": 0.445,
    "HI": 0.38,
    "FR": 0.545,
    "EN": 0.1715686274509804,
    "ES": 0.47029702970297027,
    "DE": 0.525,
    "FI": 0.735,
    "EU": 0.7474747474747475,
    "CA": 0.51,
    "FA": 0.32,
    "CS": 0.7
}