{
    "ACC": 0.02790503956684715,
    "AUC": NaN,
    "AUPRC": 1.0,
    "IT": 0.025,
    "SV": 0.015306122448979591,
    "AR": 0.0,
    "ZH": 0.02,
    "HI": 0.065,
    "FR": 0.03,
    "EN": 0.0196078431372549,
    "ES": 0.024752475247524754,
    "DE": 0.055,
    "FI": 0.03,
    "EU": 0.04040404040404041,
    "CA": 0.02,
    "FA": 0.0,
    "CS": 0.04
}