{
    "ACC": 0.9079550187421908,
    "AUC": NaN,
    "AUPRC": 1.0,
    "IT": 0.95,
    "SV": 0.9744897959183674,
    "AR": 0.92,
    "ZH": 0.94,
    "HI": 0.88,
    "FR": 0.865,
    "EN": 0.9558823529411765,
    "ES": 0.8861386138613861,
    "DE": 0.935,
    "FI": 0.825,
    "EU": 0.9393939393939394,
    "CA": 0.9,
    "FA": 0.82,
    "CS": 0.87
}