{
    "ACC": 0.23281965847563516,
    "AUC": NaN,
    "AUPRC": 1.0,
    "IT": 0.175,
    "SV": 0.07142857142857142,
    "AR": 0.25,
    "ZH": 0.115,
    "HI": 0.525,
    "FR": 0.29,
    "EN": 0.14705882352941177,
    "ES": 0.22772277227722773,
    "DE": 0.195,
    "FI": 0.275,
    "EU": 0.16161616161616163,
    "CA": 0.24,
    "FA": 0.41,
    "CS": 0.23
}