{
    "ACC": 0.3421491045397751,
    "AUC": NaN,
    "AUPRC": 1.0,
    "IT": 0.3325,
    "SV": 0.5331632653061225,
    "AR": 0.4525,
    "ZH": 0.32,
    "HI": 0.275,
    "FR": 0.2525,
    "EN": 0.15196078431372548,
    "ES": 0.30198019801980197,
    "DE": 0.3725,
    "FI": 0.39,
    "EU": 0.46464646464646464,
    "CA": 0.245,
    "FA": 0.29,
    "CS": 0.465
}