{
    "ACC": 0.7407330279050396,
    "AUC": NaN,
    "AUPRC": 1.0,
    "IT": 0.7575,
    "SV": 0.875,
    "AR": 0.8825,
    "ZH": 0.57,
    "HI": 0.8375,
    "FR": 0.6725,
    "EN": 0.5122549019607843,
    "ES": 0.6831683168316832,
    "DE": 0.6475,
    "FI": 0.7875,
    "EU": 0.8838383838383839,
    "CA": 0.85,
    "FA": 0.825,
    "CS": 0.785
}