{
    "ACC": 0.23865056226572262,
    "AUC": NaN,
    "AUPRC": 1.0,
    "IT": 0.19,
    "SV": 0.08163265306122448,
    "AR": 0.2,
    "ZH": 0.18,
    "HI": 0.355,
    "FR": 0.29,
    "EN": 0.13725490196078433,
    "ES": 0.2524752475247525,
    "DE": 0.265,
    "FI": 0.355,
    "EU": 0.2727272727272727,
    "CA": 0.19,
    "FA": 0.37,
    "CS": 0.28
}