{
    "ACC": 0.1836734693877551,
    "AUC": NaN,
    "AUPRC": 1.0,
    "IT": 0.15,
    "SV": 0.12755102040816327,
    "AR": 0.125,
    "ZH": 0.225,
    "HI": 0.155,
    "FR": 0.21,
    "EN": 0.14215686274509803,
    "ES": 0.19306930693069307,
    "DE": 0.235,
    "FI": 0.255,
    "EU": 0.20202020202020202,
    "CA": 0.13,
    "FA": 0.21,
    "CS": 0.23
}