{
    "ACC": 0.2642648896293211,
    "AUC": NaN,
    "AUPRC": 1.0,
    "IT": 0.22,
    "SV": 0.20153061224489796,
    "AR": 0.23,
    "ZH": 0.24,
    "HI": 0.3875,
    "FR": 0.355,
    "EN": 0.15441176470588236,
    "ES": 0.2301980198019802,
    "DE": 0.2375,
    "FI": 0.375,
    "EU": 0.26262626262626265,
    "CA": 0.235,
    "FA": 0.28,
    "CS": 0.305
}