{
    "ACC": 0.39150354019158684,
    "AUC": NaN,
    "AUPRC": 1.0,
    "IT": 0.43,
    "SV": 0.14795918367346939,
    "AR": 0.21,
    "ZH": 0.575,
    "HI": 0.345,
    "FR": 0.35,
    "EN": 0.7598039215686274,
    "ES": 0.4207920792079208,
    "DE": 0.5,
    "FI": 0.34,
    "EU": 0.32323232323232326,
    "CA": 0.45,
    "FA": 0.24,
    "CS": 0.2
}