{
    "ACC": 0.24656393169512703,
    "AUC": NaN,
    "AUPRC": 1.0,
    "IT": 0.25,
    "SV": 0.23979591836734693,
    "AR": 0.19,
    "ZH": 0.285,
    "HI": 0.22,
    "FR": 0.3,
    "EN": 0.058823529411764705,
    "ES": 0.1782178217821782,
    "DE": 0.36,
    "FI": 0.245,
    "EU": 0.48484848484848486,
    "CA": 0.19,
    "FA": 0.26,
    "CS": 0.34
}