{
    "ACC": 0.5256143273635985,
    "AUC": NaN,
    "AUPRC": 1.0,
    "IT": 0.44,
    "SV": 0.8469387755102041,
    "AR": 0.575,
    "ZH": 0.57,
    "HI": 0.485,
    "FR": 0.515,
    "EN": 0.19117647058823528,
    "ES": 0.4405940594059406,
    "DE": 0.53,
    "FI": 0.62,
    "EU": 0.7171717171717171,
    "CA": 0.38,
    "FA": 0.46,
    "CS": 0.66
}