{
    "ACC": 0.3465222823823407,
    "AUC": NaN,
    "AUPRC": 1.0,
    "IT": 0.305,
    "SV": 0.10204081632653061,
    "AR": 0.31,
    "ZH": 0.17,
    "HI": 0.625,
    "FR": 0.47,
    "EN": 0.18627450980392157,
    "ES": 0.3564356435643564,
    "DE": 0.275,
    "FI": 0.415,
    "EU": 0.43434343434343436,
    "CA": 0.42,
    "FA": 0.62,
    "CS": 0.41
}