{
    "ACC": 0.1241149521032903,
    "AUC": NaN,
    "AUPRC": 1.0,
    "IT": 0.085,
    "SV": 0.04591836734693878,
    "AR": 0.11,
    "ZH": 0.125,
    "HI": 0.165,
    "FR": 0.17,
    "EN": 0.058823529411764705,
    "ES": 0.13366336633663367,
    "DE": 0.085,
    "FI": 0.185,
    "EU": 0.13131313131313133,
    "CA": 0.12,
    "FA": 0.3,
    "CS": 0.1
}