{
    "ACC": 0.27113702623906705,
    "AUC": NaN,
    "AUPRC": 1.0,
    "IT": 0.25,
    "SV": 0.22959183673469388,
    "AR": 0.24,
    "ZH": 0.25,
    "HI": 0.33,
    "FR": 0.3425,
    "EN": 0.0784313725490196,
    "ES": 0.19306930693069307,
    "DE": 0.3275,
    "FI": 0.31,
    "EU": 0.51010101010101,
    "CA": 0.235,
    "FA": 0.33,
    "CS": 0.34
}