{
    "ACC": 0.2775926697209496,
    "AUC": NaN,
    "AUPRC": 1.0,
    "IT": 0.1825,
    "SV": 0.14795918367346939,
    "AR": 0.225,
    "ZH": 0.245,
    "HI": 0.3975,
    "FR": 0.4025,
    "EN": 0.1715686274509804,
    "ES": 0.2698019801980198,
    "DE": 0.3525,
    "FI": 0.3375,
    "EU": 0.3383838383838384,
    "CA": 0.22,
    "FA": 0.34,
    "CS": 0.3
}