{
    "ACC": 0.7417742607246981,
    "AUC": NaN,
    "AUPRC": 1.0,
    "IT": 0.75,
    "SV": 0.923469387755102,
    "AR": 0.745,
    "ZH": 0.83,
    "HI": 0.64,
    "FR": 0.695,
    "EN": 0.8676470588235294,
    "ES": 0.6782178217821783,
    "DE": 0.795,
    "FI": 0.635,
    "EU": 0.7878787878787878,
    "CA": 0.73,
    "FA": 0.49,
    "CS": 0.68
}