{
    "ACC": 0.10995418575593503,
    "AUC": NaN,
    "AUPRC": 1.0,
    "IT": 0.05,
    "SV": 0.04081632653061224,
    "AR": 0.14,
    "ZH": 0.055,
    "HI": 0.375,
    "FR": 0.115,
    "EN": 0.03431372549019608,
    "ES": 0.034653465346534656,
    "DE": 0.055,
    "FI": 0.205,
    "EU": 0.08080808080808081,
    "CA": 0.03,
    "FA": 0.31,
    "CS": 0.01
}