{
    "ACC": 0.12911286963765098,
    "AUC": NaN,
    "AUPRC": 1.0,
    "IT": 0.09,
    "SV": 0.04591836734693878,
    "AR": 0.15,
    "ZH": 0.22,
    "HI": 0.215,
    "FR": 0.14,
    "EN": 0.09803921568627451,
    "ES": 0.07920792079207921,
    "DE": 0.1,
    "FI": 0.12,
    "EU": 0.08080808080808081,
    "CA": 0.13,
    "FA": 0.26,
    "CS": 0.11
}