{
    "ACC": 0.419408579758434,
    "AUC": NaN,
    "AUPRC": 1.0,
    "IT": 0.4375,
    "SV": 0.27040816326530615,
    "AR": 0.25,
    "ZH": 0.5675,
    "HI": 0.365,
    "FR": 0.36,
    "EN": 0.7181372549019608,
    "ES": 0.4603960396039604,
    "DE": 0.5125,
    "FI": 0.375,
    "EU": 0.35858585858585856,
    "CA": 0.495,
    "FA": 0.305,
    "CS": 0.255
}