{
    "ACC": 0.6526447313619326,
    "AUC": NaN,
    "AUPRC": 1.0,
    "IT": 0.56,
    "SV": 0.6836734693877551,
    "AR": 0.805,
    "ZH": 0.72,
    "HI": 0.715,
    "FR": 0.7,
    "EN": 0.4019607843137255,
    "ES": 0.5594059405940595,
    "DE": 0.565,
    "FI": 0.725,
    "EU": 0.7272727272727273,
    "CA": 0.52,
    "FA": 0.78,
    "CS": 0.78
}