{
    "ACC": 0.4925,
    "AUC": 0.49249999999999994,
    "AUPRC": 0.5038472672064777
}