{
    "ACC": 0.51765,
    "AUC": 0.51765,
    "AUPRC": 0.7020973135786389
}