{
    "ACC": 0.49395,
    "AUC": 0.49395,
    "AUPRC": 0.47753810548977393
}