{
    "ACC": 0.49175,
    "AUC": 0.49175,
    "AUPRC": 0.48982968441814595
}