{
    "ACC": 0.445,
    "AUC": 0.44499999999999995,
    "AUPRC": 0.6420519384264538
}