{
    "ACC": 0.4861,
    "AUC": 0.48610000000000003,
    "AUPRC": 0.49732050209205014
}