{
    "ACC": 0.51785,
    "AUC": 0.51785,
    "AUPRC": 0.7532187228052214
}