{
    "ACC": 0.48975,
    "AUC": 0.48975,
    "AUPRC": 0.3224535714285714
}