{
    "ACC": 0.4937,
    "AUC": 0.49369999999999997,
    "AUPRC": 0.48353863636363636
}