{
    "ACC": 0.49145,
    "AUC": 0.49144999999999994,
    "AUPRC": 0.31237400881057265
}