{
    "ACC": 0.49115,
    "AUC": 0.49115000000000003,
    "AUPRC": 0.32318915662650605
}