{
    "ACC": 0.51475,
    "AUC": 0.51475,
    "AUPRC": 0.7516502751471718
}