{
    "ACC": 0.48935,
    "AUC": 0.48935,
    "AUPRC": 0.4626218607825296
}