{
    "ACC": 0.49055,
    "AUC": 0.49055000000000004,
    "AUPRC": 0.46161146578140955
}