{
    "ACC": 0.51245,
    "AUC": 0.51245,
    "AUPRC": 0.7523126276482244
}