{
    "ACC": 0.48885,
    "AUC": 0.48885,
    "AUPRC": 0.5003477130745203
}