{
    "ACC": 0.5245,
    "AUC": 0.5245000000000001,
    "AUPRC": 0.6745911144341257
}