{
    "ACC": 0.492,
    "AUC": 0.49200000000000005,
    "AUPRC": 0.32059481981981985
}