{
    "ACC": 0.4974,
    "AUC": 0.49739999999999995,
    "AUPRC": 0.3090235294117647
}