{
    "ACC": 0.46255,
    "AUC": 0.46255,
    "AUPRC": 0.5999941140479685
}