{
    "ACC": 0.5223,
    "AUC": 0.5223000000000001,
    "AUPRC": 0.6451044483294484
}