{
    "ACC": 0.48805,
    "AUC": 0.48804999999999993,
    "AUPRC": 0.48597645332588035
}