{
    "ACC": 0.4893,
    "AUC": 0.48930000000000007,
    "AUPRC": 0.491531081081081
}