{
    "ACC": 0.50765,
    "AUC": 0.50765,
    "AUPRC": 0.7512823061379136
}