{
    "ACC": 0.49035,
    "AUC": 0.49035000000000006,
    "AUPRC": 0.33884208754208756
}