{
    "ACC": 0.5313,
    "AUC": 0.5313000000000001,
    "AUPRC": 0.7024096833378636
}