{
    "ACC": 0.50345,
    "AUC": 0.50345,
    "AUPRC": 0.597290532465808
}