{
    "ACC": 0.50545,
    "AUC": 0.5054500000000001,
    "AUPRC": 0.7506738341315857
}