{
    "ACC": 0.51215,
    "AUC": 0.51215,
    "AUPRC": 0.7521861061722123
}