{
    "ACC": 0.4863,
    "AUC": 0.48630000000000007,
    "AUPRC": 0.5233975877192983
}