{
    "ACC": 0.49205,
    "AUC": 0.49204999999999993,
    "AUPRC": 0.3192431506849315
}