{
    "ACC": 0.5418,
    "AUC": 0.5418000000000001,
    "AUPRC": 0.67742491638796
}