{
    "ACC": 0.7326114119117034,
    "AUC": NaN,
    "AUPRC": 1.0,
    "IT": 0.74,
    "SV": 0.8622448979591837,
    "AR": 0.865,
    "ZH": 0.555,
    "HI": 0.855,
    "FR": 0.665,
    "EN": 0.5049019607843137,
    "ES": 0.693069306930693,
    "DE": 0.63,
    "FI": 0.735,
    "EU": 0.9090909090909091,
    "CA": 0.83,
    "FA": 0.89,
    "CS": 0.76
}