{
    "ACC": 0.721366097459392,
    "AUC": NaN,
    "AUPRC": 1.0,
    "IT": 0.71,
    "SV": 0.7244897959183674,
    "AR": 0.71,
    "ZH": 0.775,
    "HI": 0.75,
    "FR": 0.62,
    "EN": 0.7254901960784313,
    "ES": 0.6237623762376238,
    "DE": 0.74,
    "FI": 0.775,
    "EU": 0.8080808080808081,
    "CA": 0.67,
    "FA": 0.79,
    "CS": 0.74
}