{
    "ACC": 0.09995835068721366,
    "AUC": NaN,
    "AUPRC": 1.0,
    "IT": 0.06,
    "SV": 0.07653061224489796,
    "AR": 0.065,
    "ZH": 0.135,
    "HI": 0.12,
    "FR": 0.12,
    "EN": 0.0196078431372549,
    "ES": 0.0891089108910891,
    "DE": 0.195,
    "FI": 0.135,
    "EU": 0.08080808080808081,
    "CA": 0.08,
    "FA": 0.07,
    "CS": 0.14
}