{
    "ACC": 0.8350687213660974,
    "AUC": NaN,
    "AUPRC": 1.0,
    "IT": 0.88,
    "SV": 0.8724489795918368,
    "AR": 0.785,
    "ZH": 0.8,
    "HI": 0.855,
    "FR": 0.775,
    "EN": 0.9019607843137255,
    "ES": 0.7623762376237624,
    "DE": 0.845,
    "FI": 0.855,
    "EU": 0.8484848484848485,
    "CA": 0.91,
    "FA": 0.78,
    "CS": 0.84
}