{
    "ACC": 0.24698042482299043,
    "AUC": NaN,
    "AUPRC": 1.0,
    "IT": 0.225,
    "SV": 0.2653061224489796,
    "AR": 0.23,
    "ZH": 0.27,
    "HI": 0.275,
    "FR": 0.29,
    "EN": 0.13725490196078433,
    "ES": 0.2079207920792079,
    "DE": 0.24,
    "FI": 0.335,
    "EU": 0.24242424242424243,
    "CA": 0.2,
    "FA": 0.26,
    "CS": 0.28
}