{
    "ACC": 0.32236568096626406,
    "AUC": NaN,
    "AUPRC": 1.0,
    "IT": 0.32,
    "SV": 0.3112244897959184,
    "AR": 0.39,
    "ZH": 0.305,
    "HI": 0.34,
    "FR": 0.255,
    "EN": 0.20098039215686275,
    "ES": 0.2871287128712871,
    "DE": 0.355,
    "FI": 0.365,
    "EU": 0.40404040404040403,
    "CA": 0.2,
    "FA": 0.39,
    "CS": 0.49
}