{
    "ACC": 0.7101207830070804,
    "AUC": NaN,
    "AUPRC": 1.0,
    "IT": 0.7,
    "SV": 0.7040816326530612,
    "AR": 0.705,
    "ZH": 0.77,
    "HI": 0.685,
    "FR": 0.615,
    "EN": 0.8235294117647058,
    "ES": 0.6534653465346535,
    "DE": 0.745,
    "FI": 0.695,
    "EU": 0.7171717171717171,
    "CA": 0.71,
    "FA": 0.73,
    "CS": 0.69
}