{
    "ACC": 0.3531861724281549,
    "AUC": NaN,
    "AUPRC": 1.0,
    "IT": 0.335,
    "SV": 0.2755102040816326,
    "AR": 0.385,
    "ZH": 0.27,
    "HI": 0.405,
    "FR": 0.45,
    "EN": 0.19607843137254902,
    "ES": 0.3712871287128713,
    "DE": 0.37,
    "FI": 0.39,
    "EU": 0.4444444444444444,
    "CA": 0.32,
    "FA": 0.4,
    "CS": 0.42
}