{
    "ACC": 0.48725,
    "AUC": 0.48724999999999996,
    "AUPRC": 0.5093945420660276
}