{
    "ACC": 0.48785,
    "AUC": 0.48785,
    "AUPRC": 0.31642454407294834
}