{
    "ACC": 0.4989,
    "AUC": 0.49890000000000007,
    "AUPRC": 0.375275
}