{
    "ACC": 0.50665,
    "AUC": 0.50665,
    "AUPRC": 0.7510528523489933
}