{
    "ACC": 0.4984,
    "AUC": 0.49839999999999995,
    "AUPRC": 0.47015467479674794
}