{
    "ACC": 0.50865,
    "AUC": 0.50865,
    "AUPRC": 0.6652599886514832
}