{
    "ACC": 0.48925,
    "AUC": 0.48925,
    "AUPRC": 0.3136177700348432
}