{
    "ACC": 0.4928,
    "AUC": 0.49279999999999996,
    "AUPRC": 0.31110131578947375
}