{
    "ACC": 0.50935,
    "AUC": 0.5093500000000001,
    "AUPRC": 0.7420629893050946
}