{
    "ACC": 0.4853,
    "AUC": 0.48529999999999995,
    "AUPRC": 0.39428963963963964
}