{
    "ACC": 0.49865,
    "AUC": 0.49865,
    "AUPRC": 0.33554085365853664
}