{
    "ACC": 0.4846,
    "AUC": 0.48460000000000003,
    "AUPRC": 0.31984622641509436
}