{
    "ACC": 0.4652,
    "AUC": 0.46520000000000006,
    "AUPRC": 0.5317377551020408
}