{
    "ACC": 0.4802,
    "AUC": 0.48019999999999996,
    "AUPRC": 0.543004958677686
}