{
    "ACC": 0.49245,
    "AUC": 0.49245000000000005,
    "AUPRC": 0.47953805579773323
}