{
    "ACC": 0.51485,
    "AUC": 0.51485,
    "AUPRC": 0.7506672844583826
}