{
    "ACC": 0.48015,
    "AUC": 0.48015,
    "AUPRC": 0.3217979582577132
}