{
    "ACC": 0.4903,
    "AUC": 0.49030000000000007,
    "AUPRC": 0.312815503875969
}