{
    "ACC": 0.49955,
    "AUC": 0.49955,
    "AUPRC": 0.3269730769230769
}