{
    "ACC": 0.4809,
    "AUC": 0.48089999999999994,
    "AUPRC": 0.5290424379232506
}