{
    "ACC": 0.49125,
    "AUC": 0.49124999999999996,
    "AUPRC": 0.5241573961262106
}