{
    "ACC": 0.49175,
    "AUC": 0.49175,
    "AUPRC": 0.3546528469750889
}