{
    "ACC": 0.49475,
    "AUC": 0.49475,
    "AUPRC": 0.48770639534883725
}