{
    "ACC": 0.47895,
    "AUC": 0.47895000000000004,
    "AUPRC": 0.31551681415929206
}