{
    "ACC": 0.47095,
    "AUC": 0.47095,
    "AUPRC": 0.556799183389483
}