{
    "ACC": 0.49835,
    "AUC": 0.49835000000000007,
    "AUPRC": 0.7245174546614165
}