{
    "ACC": 0.50025,
    "AUC": 0.50025,
    "AUPRC": 0.7500625156289072
}