{
    "ACC": 0.49815,
    "AUC": 0.49815,
    "AUPRC": 0.2744402439024391
}