{
    "ACC": 0.50775,
    "AUC": 0.50775,
    "AUPRC": 0.7512829606892022
}