{
    "ACC": 0.49105,
    "AUC": 0.49104999999999993,
    "AUPRC": 0.3119064345991562
}