{
    "ACC": 0.4177426072469804,
    "AUC": NaN,
    "AUPRC": 1.0,
    "IT": 0.345,
    "SV": 0.3469387755102041,
    "AR": 0.46,
    "ZH": 0.485,
    "HI": 0.44,
    "FR": 0.43,
    "EN": 0.39705882352941174,
    "ES": 0.5594059405940595,
    "DE": 0.37,
    "FI": 0.38,
    "EU": 0.42424242424242425,
    "CA": 0.55,
    "FA": 0.34,
    "CS": 0.28
}