{
    "ACC": 0.39192003331945025,
    "AUC": NaN,
    "AUPRC": 1.0,
    "IT": 0.405,
    "SV": 0.37755102040816324,
    "AR": 0.295,
    "ZH": 0.445,
    "HI": 0.375,
    "FR": 0.395,
    "EN": 0.553921568627451,
    "ES": 0.4504950495049505,
    "DE": 0.4,
    "FI": 0.35,
    "EU": 0.35353535353535354,
    "CA": 0.45,
    "FA": 0.31,
    "CS": 0.19
}