{
    "ACC": 0.14202415660141607,
    "AUC": NaN,
    "AUPRC": 1.0,
    "IT": 0.095,
    "SV": 0.09693877551020408,
    "AR": 0.16,
    "ZH": 0.205,
    "HI": 0.115,
    "FR": 0.225,
    "EN": 0.058823529411764705,
    "ES": 0.1188118811881188,
    "DE": 0.26,
    "FI": 0.14,
    "EU": 0.13131313131313133,
    "CA": 0.07,
    "FA": 0.13,
    "CS": 0.13
}