{
    "ACC": 0.7580174927113703,
    "AUC": NaN,
    "AUPRC": 1.0,
    "IT": 0.85,
    "SV": 0.7346938775510204,
    "AR": 0.805,
    "ZH": 0.73,
    "HI": 0.69,
    "FR": 0.765,
    "EN": 0.8088235294117647,
    "ES": 0.8168316831683168,
    "DE": 0.825,
    "FI": 0.565,
    "EU": 0.7676767676767676,
    "CA": 0.73,
    "FA": 0.74,
    "CS": 0.77
}