{
    "ACC": 0.23656809662640566,
    "AUC": NaN,
    "AUPRC": 1.0,
    "IT": 0.16,
    "SV": 0.1836734693877551,
    "AR": 0.23,
    "ZH": 0.385,
    "HI": 0.205,
    "FR": 0.32,
    "EN": 0.2549019607843137,
    "ES": 0.15346534653465346,
    "DE": 0.375,
    "FI": 0.23,
    "EU": 0.18181818181818182,
    "CA": 0.1,
    "FA": 0.2,
    "CS": 0.2
}