{
    "ACC": 0.17576009995835068,
    "AUC": NaN,
    "AUPRC": 1.0,
    "IT": 0.095,
    "SV": 0.14795918367346939,
    "AR": 0.21,
    "ZH": 0.315,
    "HI": 0.215,
    "FR": 0.17,
    "EN": 0.1323529411764706,
    "ES": 0.14356435643564355,
    "DE": 0.16,
    "FI": 0.19,
    "EU": 0.2222222222222222,
    "CA": 0.08,
    "FA": 0.2,
    "CS": 0.16
}