{
    "ACC": 0.19533527696793002,
    "AUC": NaN,
    "AUPRC": 1.0,
    "IT": 0.115,
    "SV": 0.1683673469387755,
    "AR": 0.275,
    "ZH": 0.27,
    "HI": 0.22,
    "FR": 0.245,
    "EN": 0.09313725490196079,
    "ES": 0.1485148514851485,
    "DE": 0.28,
    "FI": 0.185,
    "EU": 0.1717171717171717,
    "CA": 0.12,
    "FA": 0.19,
    "CS": 0.21
}