{
    "ACC": 0.6455643481882549,
    "AUC": NaN,
    "AUPRC": 1.0,
    "IT": 0.62,
    "SV": 0.673469387755102,
    "AR": 0.695,
    "ZH": 0.685,
    "HI": 0.66,
    "FR": 0.575,
    "EN": 0.7205882352941176,
    "ES": 0.6089108910891089,
    "DE": 0.645,
    "FI": 0.575,
    "EU": 0.6565656565656566,
    "CA": 0.69,
    "FA": 0.69,
    "CS": 0.54
}