{
    "ACC": 0.4502684563758389,
    "AUC": 0.44907404901477876,
    "AUPRC": 0.610493490941824
}