{
    "ACC": 0.47751677852348995,
    "AUC": 0.46604987721947666,
    "AUPRC": 0.6937900615481212
}