{
    "ACC": 0.5079865771812081,
    "AUC": 0.5234947432615055,
    "AUPRC": 0.6119264736559709
}