{
    "ACC": 0.48241610738255036,
    "AUC": 0.5010177882906534,
    "AUPRC": 0.570069421754983
}