{
    "ACC": 0.4880536912751678,
    "AUC": 0.5062137229111524,
    "AUPRC": 0.6153301030204863
}