{
    "ACC": 0.48879194630872486,
    "AUC": 0.5071020548822625,
    "AUPRC": 0.6590611729594339
}