{
    "ACC": 0.48704697986577183,
    "AUC": 0.5053899837796193,
    "AUPRC": 0.6337326038227877
}