{
    "ACC": 0.49590604026845636,
    "AUC": 0.5100179344364636,
    "AUPRC": 0.5711866863027915
}