{
    "ACC": 0.4918791946308725,
    "AUC": 0.4788311402440455,
    "AUPRC": 0.7112875319988494
}