{
    "ACC": 0.561744966442953,
    "AUC": 0.5582454203135458,
    "AUPRC": 0.6999372851445477
}