{
    "ACC": 0.48577181208053694,
    "AUC": 0.5037467455493189,
    "AUPRC": 0.5676750356120329
}