{
    "ACC": 0.5185234899328859,
    "AUC": 0.49974631974177297,
    "AUPRC": 0.7591769871309717
}