{
    "ACC": 0.4918791946308725,
    "AUC": 0.507758628466678,
    "AUPRC": 0.5642048187408115
}