{
    "ACC": 0.4812751677852349,
    "AUC": 0.4718343644732166,
    "AUPRC": 0.683381588386577
}