{
    "ACC": 0.5096644295302013,
    "AUC": 0.5248440660290379,
    "AUPRC": 0.6118044596367289
}