{
    "ACC": 0.5083892617449665,
    "AUC": 0.5197705510779607,
    "AUPRC": 0.5959279577487137
}