{
    "ACC": 0.4910738255033557,
    "AUC": 0.5080635499719436,
    "AUPRC": 0.5739861902457611
}