{
    "ACC": 0.5057718120805369,
    "AUC": 0.4884214628654322,
    "AUPRC": 0.744374134178553
}