{
    "ACC": 0.503758389261745,
    "AUC": 0.5198390230964509,
    "AUPRC": 0.6088746297615341
}