{
    "ACC": 0.49288590604026844,
    "AUC": 0.5092391216095525,
    "AUPRC": 0.5719842610466317
}