{
    "ACC": 0.4815436241610738,
    "AUC": 0.5003133113573337,
    "AUPRC": 0.648502744085673
}