{
    "ACC": 0.5015436241610738,
    "AUC": 0.5150875702086276,
    "AUPRC": 0.5828840454785197
}