{
    "ACC": 0.49604026845637583,
    "AUC": 0.47988104452756114,
    "AUPRC": 0.7322957841046528
}