{
    "ACC": 0.508724832214765,
    "AUC": 0.5242163607528133,
    "AUPRC": 0.61388513373687
}