{
    "ACC": 0.48248322147651007,
    "AUC": 0.5010319518043594,
    "AUPRC": 0.5601703536708047
}