{
    "ACC": 0.49523489932885906,
    "AUC": 0.4999896254517439,
    "AUPRC": 0.6086457912845904
}