{
    "ACC": 0.5054362416107383,
    "AUC": 0.4876989432394933,
    "AUPRC": 0.7465235738466843
}