{
    "ACC": 0.5161073825503356,
    "AUC": 0.522990720643186,
    "AUPRC": 0.6186249120716496
}