{
    "ACC": 0.49456375838926175,
    "AUC": 0.5119928875705695,
    "AUPRC": 0.6119566132685789
}