{
    "ACC": 0.45248322147651004,
    "AUC": 0.4453836868798952,
    "AUPRC": 0.6515514359390389
}