{
    "ACC": 0.48449664429530204,
    "AUC": 0.5025834429426911,
    "AUPRC": 0.5581260702041237
}