{
    "ACC": 0.4934228187919463,
    "AUC": 0.47969746013015996,
    "AUPRC": 0.7162125274294272
}