{
    "ACC": 0.5044295302013423,
    "AUC": 0.5203747106403172,
    "AUPRC": 0.6083997886395752
}