{
    "ACC": 0.510268456375839,
    "AUC": 0.5207885197955402,
    "AUPRC": 0.6002453342081999
}