{
    "ACC": 0.4886577181208054,
    "AUC": 0.5057905315557673,
    "AUPRC": 0.5633924571819653
}