{
    "ACC": 0.4930872483221477,
    "AUC": 0.5086955854943969,
    "AUPRC": 0.5667939692615036
}