{
    "ACC": 0.4969798657718121,
    "AUC": 0.4799277751014451,
    "AUPRC": 0.738169974216121
}