{
    "ACC": 0.49154362416107383,
    "AUC": 0.5077029667599474,
    "AUPRC": 0.5648393440179393
}