{
    "ACC": 0.49590604026845636,
    "AUC": 0.5082750103294416,
    "AUPRC": 0.5739676632451652
}