{
    "ACC": 0.4912080536912752,
    "AUC": 0.5064247322013348,
    "AUPRC": 0.5600438217610509
}