{
    "ACC": 0.4904697986577181,
    "AUC": 0.508032065473323,
    "AUPRC": 0.5893226162828495
}