{
    "ACC": 0.5177181208053692,
    "AUC": 0.5324595257297818,
    "AUPRC": 0.6268804060881922
}