{
    "ACC": 0.58,
    "AUC": 0.575379482932515,
    "AUPRC": 0.716882193335565
}