{
    "ACC": 0.43348993288590604,
    "AUC": 0.4423554915641391,
    "AUPRC": 0.5135311879733119
}