{
    "ACC": 0.5070469798657719,
    "AUC": 0.5230994278662171,
    "AUPRC": 0.6200710874854537
}