{
    "ACC": 0.16867971678467306,
    "AUC": NaN,
    "AUPRC": 1.0,
    "IT": 0.1425,
    "SV": 0.23469387755102042,
    "AR": 0.1475,
    "ZH": 0.1775,
    "HI": 0.1775,
    "FR": 0.1725,
    "EN": 0.08333333333333333,
    "ES": 0.15841584158415842,
    "DE": 0.165,
    "FI": 0.2375,
    "EU": 0.16666666666666666,
    "CA": 0.15,
    "FA": 0.185,
    "CS": 0.16
}