{
    "ACC": 0.8942107455226989,
    "AUC": NaN,
    "AUPRC": 1.0,
    "IT": 0.95,
    "SV": 0.9489795918367347,
    "AR": 0.94,
    "ZH": 0.895,
    "HI": 0.745,
    "FR": 0.845,
    "EN": 0.9607843137254902,
    "ES": 0.8613861386138614,
    "DE": 0.925,
    "FI": 0.84,
    "EU": 0.9393939393939394,
    "CA": 0.91,
    "FA": 0.85,
    "CS": 0.94
}