{
    "ACC": 0.32986255726780506,
    "AUC": NaN,
    "AUPRC": 1.0,
    "IT": 0.18,
    "SV": 0.10714285714285714,
    "AR": 0.26,
    "ZH": 0.525,
    "HI": 0.615,
    "FR": 0.34,
    "EN": 0.3431372549019608,
    "ES": 0.2623762376237624,
    "DE": 0.28,
    "FI": 0.39,
    "EU": 0.31313131313131315,
    "CA": 0.27,
    "FA": 0.46,
    "CS": 0.26
}