{
    "ACC": 0.7675968346522283,
    "AUC": NaN,
    "AUPRC": 1.0,
    "IT": 0.775,
    "SV": 0.9336734693877551,
    "AR": 0.745,
    "ZH": 0.82,
    "HI": 0.655,
    "FR": 0.655,
    "EN": 0.8921568627450981,
    "ES": 0.7227722772277227,
    "DE": 0.85,
    "FI": 0.705,
    "EU": 0.7474747474747475,
    "CA": 0.82,
    "FA": 0.56,
    "CS": 0.79
}