{
    "ACC": 0.8302790503956685,
    "AUC": NaN,
    "AUPRC": 1.0,
    "IT": 0.8825,
    "SV": 0.8852040816326531,
    "AR": 0.795,
    "ZH": 0.865,
    "HI": 0.795,
    "FR": 0.795,
    "EN": 0.8627450980392157,
    "ES": 0.7920792079207921,
    "DE": 0.875,
    "FI": 0.8025,
    "EU": 0.8434343434343434,
    "CA": 0.83,
    "FA": 0.69,
    "CS": 0.865
}