{
    "ACC": 0.7265722615576843,
    "AUC": NaN,
    "AUPRC": 1.0,
    "IT": 0.63,
    "SV": 0.7882653061224489,
    "AR": 0.77,
    "ZH": 0.71,
    "HI": 0.7575,
    "FR": 0.715,
    "EN": 0.7230392156862745,
    "ES": 0.698019801980198,
    "DE": 0.665,
    "FI": 0.7775,
    "EU": 0.7777777777777778,
    "CA": 0.635,
    "FA": 0.725,
    "CS": 0.835
}