{
    "ACC": 0.7596834652228238,
    "AUC": NaN,
    "AUPRC": 1.0,
    "IT": 0.7625,
    "SV": 0.798469387755102,
    "AR": 0.755,
    "ZH": 0.7975,
    "HI": 0.7325,
    "FR": 0.74,
    "EN": 0.8382352941176471,
    "ES": 0.7153465346534653,
    "DE": 0.6525,
    "FI": 0.7325,
    "EU": 0.8383838383838383,
    "CA": 0.855,
    "FA": 0.745,
    "CS": 0.745
}