{
    "ACC": 0.13994169096209913,
    "AUC": NaN,
    "AUPRC": 1.0,
    "IT": 0.085,
    "SV": 0.05102040816326531,
    "AR": 0.12,
    "ZH": 0.08,
    "HI": 0.225,
    "FR": 0.18,
    "EN": 0.09313725490196079,
    "ES": 0.13366336633663367,
    "DE": 0.165,
    "FI": 0.195,
    "EU": 0.15151515151515152,
    "CA": 0.16,
    "FA": 0.26,
    "CS": 0.13
}