{
    "ACC": 0.019575177009579343,
    "AUC": NaN,
    "AUPRC": 1.0,
    "IT": 0.015,
    "SV": 0.00510204081632653,
    "AR": 0.015,
    "ZH": 0.02,
    "HI": 0.06,
    "FR": 0.04,
    "EN": 0.004901960784313725,
    "ES": 0.034653465346534656,
    "DE": 0.01,
    "FI": 0.02,
    "EU": 0.0,
    "CA": 0.0,
    "FA": 0.01,
    "CS": 0.01
}