{
    "ACC": 0.626405664306539,
    "AUC": NaN,
    "AUPRC": 1.0,
    "IT": 0.6075,
    "SV": 0.8392857142857143,
    "AR": 0.6625,
    "ZH": 0.3875,
    "HI": 0.5325,
    "FR": 0.6825,
    "EN": 0.7916666666666666,
    "ES": 0.5024752475247525,
    "DE": 0.65,
    "FI": 0.72,
    "EU": 0.5707070707070707,
    "CA": 0.54,
    "FA": 0.605,
    "CS": 0.57
}