{
    "ACC": 0.30070803831736775,
    "AUC": NaN,
    "AUPRC": 1.0,
    "IT": 0.1875,
    "SV": 0.20408163265306123,
    "AR": 0.2625,
    "ZH": 0.5275,
    "HI": 0.415,
    "FR": 0.345,
    "EN": 0.20833333333333334,
    "ES": 0.2599009900990099,
    "DE": 0.2225,
    "FI": 0.295,
    "EU": 0.2777777777777778,
    "CA": 0.22,
    "FA": 0.33,
    "CS": 0.535
}