{
    "ACC": 0.7648896293211161,
    "AUC": NaN,
    "AUPRC": 1.0,
    "IT": 0.8025,
    "SV": 0.8520408163265306,
    "AR": 0.7125,
    "ZH": 0.7925,
    "HI": 0.68,
    "FR": 0.69,
    "EN": 0.8848039215686274,
    "ES": 0.7277227722772277,
    "DE": 0.85,
    "FI": 0.69,
    "EU": 0.7474747474747475,
    "CA": 0.78,
    "FA": 0.68,
    "CS": 0.785
}