{
    "ACC": 0.8721366097459392,
    "AUC": NaN,
    "AUPRC": 1.0,
    "IT": 0.865,
    "SV": 0.9540816326530612,
    "AR": 0.93,
    "ZH": 0.895,
    "HI": 0.84,
    "FR": 0.73,
    "EN": 0.946078431372549,
    "ES": 0.8465346534653465,
    "DE": 0.9,
    "FI": 0.825,
    "EU": 0.8585858585858586,
    "CA": 0.89,
    "FA": 0.87,
    "CS": 0.85
}