{
    "ACC": 0.280716368179925,
    "AUC": NaN,
    "AUPRC": 1.0,
    "IT": 0.34,
    "SV": 0.08163265306122448,
    "AR": 0.215,
    "ZH": 0.15,
    "HI": 0.335,
    "FR": 0.305,
    "EN": 0.5098039215686274,
    "ES": 0.31683168316831684,
    "DE": 0.27,
    "FI": 0.25,
    "EU": 0.1919191919191919,
    "CA": 0.42,
    "FA": 0.4,
    "CS": 0.16
}