{
    "ACC": 0.9104539775093711,
    "AUC": NaN,
    "AUPRC": 1.0,
    "IT": 0.92,
    "SV": 0.9795918367346939,
    "AR": 0.9,
    "ZH": 0.91,
    "HI": 0.89,
    "FR": 0.845,
    "EN": 0.9705882352941176,
    "ES": 0.905940594059406,
    "DE": 0.96,
    "FI": 0.835,
    "EU": 0.898989898989899,
    "CA": 0.9,
    "FA": 0.89,
    "CS": 0.93
}