{
    "ACC": 0.3665139525197834,
    "AUC": NaN,
    "AUPRC": 1.0,
    "IT": 0.205,
    "SV": 0.12244897959183673,
    "AR": 0.265,
    "ZH": 0.54,
    "HI": 0.55,
    "FR": 0.475,
    "EN": 0.49019607843137253,
    "ES": 0.3069306930693069,
    "DE": 0.325,
    "FI": 0.4,
    "EU": 0.2222222222222222,
    "CA": 0.3,
    "FA": 0.56,
    "CS": 0.34
}