{
    "ACC": 0.2750937109537693,
    "AUC": NaN,
    "AUPRC": 1.0,
    "IT": 0.21,
    "SV": 0.1683673469387755,
    "AR": 0.2975,
    "ZH": 0.4125,
    "HI": 0.355,
    "FR": 0.2675,
    "EN": 0.18382352941176472,
    "ES": 0.18564356435643564,
    "DE": 0.2375,
    "FI": 0.3625,
    "EU": 0.29292929292929293,
    "CA": 0.22,
    "FA": 0.44,
    "CS": 0.29
}