{
    "ACC": 0.21324448146605582,
    "AUC": NaN,
    "AUPRC": 1.0,
    "IT": 0.115,
    "SV": 0.1989795918367347,
    "AR": 0.24,
    "ZH": 0.23,
    "HI": 0.185,
    "FR": 0.295,
    "EN": 0.20588235294117646,
    "ES": 0.2079207920792079,
    "DE": 0.335,
    "FI": 0.17,
    "EU": 0.1414141414141414,
    "CA": 0.13,
    "FA": 0.26,
    "CS": 0.22
}