{
    "ACC": 0.29737609329446063,
    "AUC": NaN,
    "AUPRC": 1.0,
    "IT": 0.16,
    "SV": 0.20918367346938777,
    "AR": 0.205,
    "ZH": 0.59,
    "HI": 0.29,
    "FR": 0.43,
    "EN": 0.3872549019607843,
    "ES": 0.25742574257425743,
    "DE": 0.35,
    "FI": 0.27,
    "EU": 0.12121212121212122,
    "CA": 0.14,
    "FA": 0.29,
    "CS": 0.28
}