{
    "ACC": 0.18575593502707205,
    "AUC": NaN,
    "AUPRC": 1.0,
    "IT": 0.14,
    "SV": 0.2857142857142857,
    "AR": 0.16,
    "ZH": 0.175,
    "HI": 0.235,
    "FR": 0.17,
    "EN": 0.09313725490196079,
    "ES": 0.15346534653465346,
    "DE": 0.175,
    "FI": 0.28,
    "EU": 0.20202020202020202,
    "CA": 0.2,
    "FA": 0.19,
    "CS": 0.14
}