{
    "ACC": 0.30945439400249897,
    "AUC": NaN,
    "AUPRC": 1.0,
    "IT": 0.2,
    "SV": 0.17346938775510204,
    "AR": 0.26,
    "ZH": 0.56,
    "HI": 0.4,
    "FR": 0.365,
    "EN": 0.2107843137254902,
    "ES": 0.29207920792079206,
    "DE": 0.195,
    "FI": 0.34,
    "EU": 0.2727272727272727,
    "CA": 0.25,
    "FA": 0.37,
    "CS": 0.54
}