{
    "ACC": 0.11661807580174927,
    "AUC": NaN,
    "AUPRC": 1.0,
    "IT": 0.085,
    "SV": 0.03571428571428571,
    "AR": 0.175,
    "ZH": 0.055,
    "HI": 0.35,
    "FR": 0.11,
    "EN": 0.04411764705882353,
    "ES": 0.10891089108910891,
    "DE": 0.06,
    "FI": 0.135,
    "EU": 0.08080808080808081,
    "CA": 0.15,
    "FA": 0.16,
    "CS": 0.09
}