{
    "ACC": 0.5510204081632653,
    "AUC": NaN,
    "AUPRC": 1.0,
    "IT": 0.5425,
    "SV": 0.6352040816326531,
    "AR": 0.56,
    "ZH": 0.4,
    "HI": 0.6925,
    "FR": 0.605,
    "EN": 0.30392156862745096,
    "ES": 0.5346534653465347,
    "DE": 0.5075,
    "FI": 0.625,
    "EU": 0.6313131313131313,
    "CA": 0.475,
    "FA": 0.565,
    "CS": 0.755
}