{
    "ACC": 0.863390254060808,
    "AUC": NaN,
    "AUPRC": 1.0,
    "IT": 0.915,
    "SV": 0.9693877551020408,
    "AR": 0.855,
    "ZH": 0.93,
    "HI": 0.79,
    "FR": 0.795,
    "EN": 0.8970588235294118,
    "ES": 0.8366336633663366,
    "DE": 0.9,
    "FI": 0.8,
    "EU": 0.9090909090909091,
    "CA": 0.85,
    "FA": 0.69,
    "CS": 0.9
}