{
    "ACC": 0.331945022907122,
    "AUC": NaN,
    "AUPRC": 1.0,
    "IT": 0.1825,
    "SV": 0.16581632653061223,
    "AR": 0.235,
    "ZH": 0.565,
    "HI": 0.42,
    "FR": 0.4525,
    "EN": 0.4387254901960784,
    "ES": 0.28217821782178215,
    "DE": 0.3375,
    "FI": 0.335,
    "EU": 0.1717171717171717,
    "CA": 0.22,
    "FA": 0.425,
    "CS": 0.31
}