{
    "ACC": 0.1913785922532278,
    "AUC": NaN,
    "AUPRC": 1.0,
    "IT": 0.105,
    "SV": 0.1326530612244898,
    "AR": 0.2025,
    "ZH": 0.165,
    "HI": 0.2475,
    "FR": 0.2325,
    "EN": 0.2181372549019608,
    "ES": 0.1806930693069307,
    "DE": 0.29,
    "FI": 0.175,
    "EU": 0.10101010101010101,
    "CA": 0.13,
    "FA": 0.27,
    "CS": 0.19
}