{
    "ACC": 0.8375676801332778,
    "AUC": NaN,
    "AUPRC": 1.0,
    "IT": 0.94,
    "SV": 0.9387755102040817,
    "AR": 0.8,
    "ZH": 0.9,
    "HI": 0.7,
    "FR": 0.815,
    "EN": 0.8480392156862745,
    "ES": 0.8217821782178217,
    "DE": 0.83,
    "FI": 0.74,
    "EU": 0.9393939393939394,
    "CA": 0.86,
    "FA": 0.72,
    "CS": 0.92
}