{
    "ACC": 0.7748854643898375,
    "AUC": NaN,
    "AUPRC": 1.0,
    "IT": 0.84,
    "SV": 0.8392857142857143,
    "AR": 0.7325,
    "ZH": 0.825,
    "HI": 0.7075,
    "FR": 0.675,
    "EN": 0.875,
    "ES": 0.7945544554455446,
    "DE": 0.865,
    "FI": 0.67,
    "EU": 0.7777777777777778,
    "CA": 0.79,
    "FA": 0.605,
    "CS": 0.775
}