{
    "ACC": 0.6334860474802165,
    "AUC": NaN,
    "AUPRC": 1.0,
    "IT": 0.63,
    "SV": 0.9285714285714286,
    "AR": 0.645,
    "ZH": 0.285,
    "HI": 0.59,
    "FR": 0.68,
    "EN": 0.7990196078431373,
    "ES": 0.48514851485148514,
    "DE": 0.64,
    "FI": 0.77,
    "EU": 0.5454545454545454,
    "CA": 0.59,
    "FA": 0.68,
    "CS": 0.49
}