{
    "ACC": 0.355893377759267,
    "AUC": NaN,
    "AUPRC": 1.0,
    "IT": 0.2375,
    "SV": 0.2066326530612245,
    "AR": 0.3,
    "ZH": 0.57,
    "HI": 0.5575,
    "FR": 0.35,
    "EN": 0.36764705882352944,
    "ES": 0.29455445544554454,
    "DE": 0.3325,
    "FI": 0.405,
    "EU": 0.3282828282828283,
    "CA": 0.255,
    "FA": 0.425,
    "CS": 0.285
}