{
    "ACC": 0.4485630987088713,
    "AUC": NaN,
    "AUPRC": 1.0,
    "IT": 0.415,
    "SV": 0.8163265306122449,
    "AR": 0.595,
    "ZH": 0.485,
    "HI": 0.275,
    "FR": 0.38,
    "EN": 0.10784313725490197,
    "ES": 0.3811881188118812,
    "DE": 0.53,
    "FI": 0.46,
    "EU": 0.5858585858585859,
    "CA": 0.42,
    "FA": 0.28,
    "CS": 0.62
}