{
    "ACC": 0.523948354852145,
    "AUC": NaN,
    "AUPRC": 1.0,
    "IT": 0.64,
    "SV": 0.2653061224489796,
    "AR": 0.71,
    "ZH": 0.55,
    "HI": 0.505,
    "FR": 0.425,
    "EN": 0.75,
    "ES": 0.5792079207920792,
    "DE": 0.575,
    "FI": 0.245,
    "EU": 0.24242424242424243,
    "CA": 0.62,
    "FA": 0.74,
    "CS": 0.46
}