{
    "ACC": 0.11870054144106622,
    "AUC": NaN,
    "AUPRC": 1.0,
    "IT": 0.035,
    "SV": 0.04591836734693878,
    "AR": 0.095,
    "ZH": 0.075,
    "HI": 0.3,
    "FR": 0.18,
    "EN": 0.07352941176470588,
    "ES": 0.10891089108910891,
    "DE": 0.11,
    "FI": 0.14,
    "EU": 0.10101010101010101,
    "CA": 0.08,
    "FA": 0.24,
    "CS": 0.1
}