{
    "ACC": 0.2690545605997501,
    "AUC": NaN,
    "AUPRC": 1.0,
    "IT": 0.2,
    "SV": 0.07653061224489796,
    "AR": 0.25,
    "ZH": 0.415,
    "HI": 0.435,
    "FR": 0.285,
    "EN": 0.1715686274509804,
    "ES": 0.18316831683168316,
    "DE": 0.16,
    "FI": 0.4,
    "EU": 0.26262626262626265,
    "CA": 0.24,
    "FA": 0.52,
    "CS": 0.28
}