{
    "ACC": 0.10932944606413994,
    "AUC": NaN,
    "AUPRC": 1.0,
    "IT": 0.0475,
    "SV": 0.04336734693877551,
    "AR": 0.085,
    "ZH": 0.1025,
    "HI": 0.215,
    "FR": 0.155,
    "EN": 0.061274509803921566,
    "ES": 0.11633663366336634,
    "DE": 0.115,
    "FI": 0.11,
    "EU": 0.09595959595959595,
    "CA": 0.085,
    "FA": 0.205,
    "CS": 0.135
}