{
    "ACC": 0.48021657642648896,
    "AUC": NaN,
    "AUPRC": 1.0,
    "IT": 0.345,
    "SV": 0.20918367346938777,
    "AR": 0.555,
    "ZH": 0.475,
    "HI": 0.77,
    "FR": 0.585,
    "EN": 0.4411764705882353,
    "ES": 0.3811881188118812,
    "DE": 0.365,
    "FI": 0.59,
    "EU": 0.48484848484848486,
    "CA": 0.41,
    "FA": 0.76,
    "CS": 0.43
}