{
    "ACC": 0.09995835068721366,
    "AUC": NaN,
    "AUPRC": 1.0,
    "IT": 0.06,
    "SV": 0.04081632653061224,
    "AR": 0.075,
    "ZH": 0.13,
    "HI": 0.13,
    "FR": 0.13,
    "EN": 0.049019607843137254,
    "ES": 0.12376237623762376,
    "DE": 0.12,
    "FI": 0.08,
    "EU": 0.09090909090909091,
    "CA": 0.09,
    "FA": 0.17,
    "CS": 0.17
}