{
    "ACC": 0.5793419408579759,
    "AUC": NaN,
    "AUPRC": 1.0,
    "IT": 0.59,
    "SV": 0.6683673469387755,
    "AR": 0.58,
    "ZH": 0.33,
    "HI": 0.765,
    "FR": 0.645,
    "EN": 0.24019607843137256,
    "ES": 0.5841584158415841,
    "DE": 0.52,
    "FI": 0.69,
    "EU": 0.6565656565656566,
    "CA": 0.57,
    "FA": 0.66,
    "CS": 0.81
}