{
    "ACC": 0.29196168263223654,
    "AUC": NaN,
    "AUPRC": 1.0,
    "IT": 0.175,
    "SV": 0.23469387755102042,
    "AR": 0.265,
    "ZH": 0.495,
    "HI": 0.43,
    "FR": 0.325,
    "EN": 0.20588235294117646,
    "ES": 0.22772277227722773,
    "DE": 0.25,
    "FI": 0.25,
    "EU": 0.2828282828282828,
    "CA": 0.19,
    "FA": 0.29,
    "CS": 0.53
}