{
    "ACC": 0.13536026655560182,
    "AUC": NaN,
    "AUPRC": 1.0,
    "IT": 0.0925,
    "SV": 0.06377551020408163,
    "AR": 0.12,
    "ZH": 0.12,
    "HI": 0.175,
    "FR": 0.18,
    "EN": 0.08333333333333333,
    "ES": 0.14356435643564355,
    "DE": 0.1675,
    "FI": 0.1725,
    "EU": 0.16161616161616163,
    "CA": 0.12,
    "FA": 0.195,
    "CS": 0.135
}