{
    "ACC": 0.7596834652228238,
    "AUC": NaN,
    "AUPRC": 1.0,
    "IT": 0.67,
    "SV": 0.9336734693877551,
    "AR": 0.805,
    "ZH": 0.725,
    "HI": 0.81,
    "FR": 0.765,
    "EN": 0.7107843137254902,
    "ES": 0.7227722772277227,
    "DE": 0.665,
    "FI": 0.83,
    "EU": 0.8080808080808081,
    "CA": 0.68,
    "FA": 0.66,
    "CS": 0.82
}