{
    "ACC": 0.13077884214910454,
    "AUC": NaN,
    "AUPRC": 1.0,
    "IT": 0.1,
    "SV": 0.07653061224489796,
    "AR": 0.12,
    "ZH": 0.16,
    "HI": 0.125,
    "FR": 0.18,
    "EN": 0.07352941176470588,
    "ES": 0.15346534653465346,
    "DE": 0.17,
    "FI": 0.15,
    "EU": 0.1717171717171717,
    "CA": 0.08,
    "FA": 0.13,
    "CS": 0.14
}