{
    "ACC": 0.6634735526863806,
    "AUC": NaN,
    "AUPRC": 1.0,
    "IT": 0.69,
    "SV": 0.9030612244897959,
    "AR": 0.645,
    "ZH": 0.815,
    "HI": 0.51,
    "FR": 0.595,
    "EN": 0.6127450980392157,
    "ES": 0.6584158415841584,
    "DE": 0.65,
    "FI": 0.625,
    "EU": 0.797979797979798,
    "CA": 0.62,
    "FA": 0.43,
    "CS": 0.68
}