{
    "ACC": 0.7880049979175343,
    "AUC": NaN,
    "AUPRC": 1.0,
    "IT": 0.86,
    "SV": 0.9387755102040817,
    "AR": 0.805,
    "ZH": 0.87,
    "HI": 0.65,
    "FR": 0.665,
    "EN": 0.8872549019607843,
    "ES": 0.8217821782178217,
    "DE": 0.895,
    "FI": 0.64,
    "EU": 0.7676767676767676,
    "CA": 0.81,
    "FA": 0.49,
    "CS": 0.78
}