{
    "ACC": 0.797167846730529,
    "AUC": NaN,
    "AUPRC": 1.0,
    "IT": 0.85,
    "SV": 0.8010204081632653,
    "AR": 0.735,
    "ZH": 0.8,
    "HI": 0.8,
    "FR": 0.795,
    "EN": 0.8284313725490197,
    "ES": 0.7475247524752475,
    "DE": 0.85,
    "FI": 0.805,
    "EU": 0.7777777777777778,
    "CA": 0.81,
    "FA": 0.69,
    "CS": 0.83
}