{
    "ACC": 0.008746355685131196,
    "AUC": NaN,
    "AUPRC": 1.0,
    "IT": 0.005,
    "SV": 0.00510204081632653,
    "AR": 0.01,
    "ZH": 0.0,
    "HI": 0.025,
    "FR": 0.01,
    "EN": 0.00980392156862745,
    "ES": 0.0,
    "DE": 0.005,
    "FI": 0.025,
    "EU": 0.010101010101010102,
    "CA": 0.0,
    "FA": 0.0,
    "CS": 0.01
}