{
    "ACC": 0.16951270304039984,
    "AUC": NaN,
    "AUPRC": 1.0,
    "IT": 0.095,
    "SV": 0.0663265306122449,
    "AR": 0.165,
    "ZH": 0.1,
    "HI": 0.31,
    "FR": 0.17,
    "EN": 0.23039215686274508,
    "ES": 0.15346534653465346,
    "DE": 0.245,
    "FI": 0.18,
    "EU": 0.06060606060606061,
    "CA": 0.13,
    "FA": 0.28,
    "CS": 0.16
}