{
    "ACC": 0.7742607246980425,
    "AUC": NaN,
    "AUPRC": 1.0,
    "IT": 0.775,
    "SV": 0.8112244897959183,
    "AR": 0.775,
    "ZH": 0.81,
    "HI": 0.705,
    "FR": 0.765,
    "EN": 0.8725490196078431,
    "ES": 0.7079207920792079,
    "DE": 0.67,
    "FI": 0.765,
    "EU": 0.8686868686868687,
    "CA": 0.88,
    "FA": 0.74,
    "CS": 0.78
}