{
    "ACC": 0.9483548521449396,
    "AUC": NaN,
    "AUPRC": 1.0,
    "IT": 0.93,
    "SV": 0.9897959183673469,
    "AR": 0.975,
    "ZH": 0.975,
    "HI": 0.935,
    "FR": 0.965,
    "EN": 0.9166666666666666,
    "ES": 0.9207920792079208,
    "DE": 0.965,
    "FI": 0.9,
    "EU": 0.9696969696969697,
    "CA": 0.89,
    "FA": 0.98,
    "CS": 0.98
}