{
    "ACC": 0.48241610738255036,
    "AUC": 0.5011339832311216,
    "AUPRC": 0.6601429972998082
}