{
    "ACC": 0.5182550335570469,
    "AUC": 0.5017559148457079,
    "AUPRC": 0.7456070679551143
}