{
    "ACC": 0.4991946308724832,
    "AUC": 0.48492677373200466,
    "AUPRC": 0.7225263564312329
}