{
    "ACC": 0.466510067114094,
    "AUC": 0.4528097885215998,
    "AUPRC": 0.701791036269082
}