{
    "ACC": 0.46355704697986577,
    "AUC": 0.4715002138059075,
    "AUPRC": 0.5566461473041608
}