{
    "ACC": 0.5011409395973154,
    "AUC": 0.4865499845734978,
    "AUPRC": 0.7254835439381807
}