{
    "ACC": 0.511744966442953,
    "AUC": 0.4961737763896933,
    "AUPRC": 0.7368118793514297
}