{
    "ACC": 0.512751677852349,
    "AUC": 0.4952343835984707,
    "AUPRC": 0.7488575821090561
}