{
    "ACC": 0.4987919463087248,
    "AUC": 0.5073785591466528,
    "AUPRC": 0.5926764817264079
}