{
    "ACC": 0.44791946308724834,
    "AUC": 0.44411239875794106,
    "AUPRC": 0.6267343258154358
}