{
    "ACC": 0.5114093959731544,
    "AUC": 0.5229540939771687,
    "AUPRC": 0.600295440244128
}