{
    "ACC": 0.5144966442953021,
    "AUC": 0.496835311714579,
    "AUPRC": 0.7505819313214115
}