{
    "ACC": 0.511006711409396,
    "AUC": 0.4929918573328209,
    "AUPRC": 0.7509480283965558
}