{
    "ACC": 0.48771812080536914,
    "AUC": 0.5048546570896055,
    "AUPRC": 0.5579597825043129
}