{
    "ACC": 0.41771812080536913,
    "AUC": 0.4173087158835236,
    "AUPRC": 0.5811647925740453
}