{
    "ACC": 0.3673825503355705,
    "AUC": 0.3608547545201456,
    "AUPRC": 0.5954383490707666
}