{
    "ACC": 0.4867114093959731,
    "AUC": 0.5038136839389362,
    "AUPRC": 0.5516364298200245
}