{
    "ACC": 0.4929530201342282,
    "AUC": 0.47727946867878773,
    "AUPRC": 0.7277749464631876
}