{
    "ACC": 0.50751677852349,
    "AUC": 0.4898859882253388,
    "AUPRC": 0.7469225808121733
}