{
    "ACC": 0.5187919463087248,
    "AUC": 0.5,
    "AUPRC": 0.7593959731543625
}