{
    "ACC": 0.5142281879194631,
    "AUC": 0.49686959283055565,
    "AUPRC": 0.7486541955531764
}