{
    "ACC": 0.49154362416107383,
    "AUC": 0.5019841549073417,
    "AUPRC": 0.5749617377920202
}