{
    "ACC": 0.4816778523489933,
    "AUC": 0.500442677463414,
    "AUPRC": 0.6687670162998137
}