{
    "ACC": 0.4836241610738255,
    "AUC": 0.5020709402588406,
    "AUPRC": 0.577321326985951
}