{
    "ACC": 0.4502013422818792,
    "AUC": 0.45937597543306974,
    "AUPRC": 0.5307147132016586
}