{
    "ACC": 0.4919463087248322,
    "AUC": 0.5083941823141919,
    "AUPRC": 0.5692484509318392
}