{
    "ACC": 0.5030201342281879,
    "AUC": 0.4857846135525882,
    "AUPRC": 0.7423075862207178
}