{
    "ACC": 0.4889261744966443,
    "AUC": 0.5050691847048485,
    "AUPRC": 0.554876504663152
}