{
    "ACC": 0.5075838926174496,
    "AUC": 0.4896475540423751,
    "AUPRC": 0.7487820000920007
}