{
    "ACC": 0.5291275167785235,
    "AUC": 0.537600430137792,
    "AUPRC": 0.6279125588516459
}