{
    "ACC": 0.4847651006711409,
    "AUC": 0.5028118634312511,
    "AUPRC": 0.5594558188276987
}