{
    "ACC": 0.4868456375838926,
    "AUC": 0.5051858307126323,
    "AUPRC": 0.6289203473449894
}