{
    "ACC": 0.506510067114094,
    "AUC": 0.5215715726552168,
    "AUPRC": 0.6016802718018813
}