{
    "ACC": 0.49711409395973155,
    "AUC": 0.5123037631643996,
    "AUPRC": 0.576706512826993
}