{
    "ACC": 0.4860402684563758,
    "AUC": 0.5031011780074011,
    "AUPRC": 0.5473866461549272
}