{
    "ACC": 0.4993288590604027,
    "AUC": 0.5153880712542017,
    "AUPRC": 0.5924059700945712
}