{
    "ACC": 0.4198657718120805,
    "AUC": 0.4202273018416176,
    "AUPRC": 0.5767247552769159
}