{
    "ACC": 0.4812080536912752,
    "AUC": 0.5,
    "AUPRC": 0.7593959731543625
}