{
    "ACC": 0.51,
    "AUC": 0.49197614395181877,
    "AUPRC": 0.7505027001594485
}