{
    "ACC": 0.5168456375838926,
    "AUC": 0.526703094863065,
    "AUPRC": 0.6103383054762648
}