{
    "ACC": 0.5013422818791946,
    "AUC": 0.5096546448205745,
    "AUPRC": 0.5968358128225386
}