{
    "ACC": 0.4944295302013423,
    "AUC": 0.509595194148394,
    "AUPRC": 0.5690495822540416
}