{
    "ACC": 0.4957718120805369,
    "AUC": 0.5090196322538391,
    "AUPRC": 0.5716839511545221
}