{
    "ACC": 0.448993288590604,
    "AUC": 0.45047208705238334,
    "AUPRC": 0.5907602951943713
}