{
    "ACC": 0.41060402684563757,
    "AUC": 0.402520744585839,
    "AUPRC": 0.6331802053312203
}