{
    "ACC": 0.15264473136193252,
    "AUC": NaN,
    "AUPRC": 1.0,
    "IT": 0.09,
    "SV": 0.08163265306122448,
    "AR": 0.185,
    "ZH": 0.1525,
    "HI": 0.19,
    "FR": 0.2075,
    "EN": 0.09068627450980392,
    "ES": 0.12871287128712872,
    "DE": 0.255,
    "FI": 0.1475,
    "EU": 0.13636363636363635,
    "CA": 0.115,
    "FA": 0.215,
    "CS": 0.14
}