{
    "ACC": 0.6505622657226156,
    "AUC": NaN,
    "AUPRC": 1.0,
    "IT": 0.715,
    "SV": 0.8367346938775511,
    "AR": 0.465,
    "ZH": 0.84,
    "HI": 0.45,
    "FR": 0.485,
    "EN": 0.8627450980392157,
    "ES": 0.6386138613861386,
    "DE": 0.78,
    "FI": 0.56,
    "EU": 0.5353535353535354,
    "CA": 0.6,
    "FA": 0.52,
    "CS": 0.69
}