{
    "ACC": 0.1840899625156185,
    "AUC": NaN,
    "AUPRC": 1.0,
    "IT": 0.09,
    "SV": 0.1683673469387755,
    "AR": 0.25,
    "ZH": 0.285,
    "HI": 0.21,
    "FR": 0.22,
    "EN": 0.13725490196078433,
    "ES": 0.15346534653465346,
    "DE": 0.205,
    "FI": 0.14,
    "EU": 0.24242424242424243,
    "CA": 0.13,
    "FA": 0.23,
    "CS": 0.1
}