{
    "ACC": 0.49312786339025405,
    "AUC": NaN,
    "AUPRC": 1.0,
    "IT": 0.535,
    "SV": 0.45408163265306123,
    "AR": 0.29,
    "ZH": 0.675,
    "HI": 0.38,
    "FR": 0.46,
    "EN": 0.8186274509803921,
    "ES": 0.5792079207920792,
    "DE": 0.675,
    "FI": 0.235,
    "EU": 0.2828282828282828,
    "CA": 0.48,
    "FA": 0.47,
    "CS": 0.38
}