{
    "ACC": 0.2940441482715535,
    "AUC": NaN,
    "AUPRC": 1.0,
    "IT": 0.245,
    "SV": 0.10714285714285714,
    "AR": 0.215,
    "ZH": 0.425,
    "HI": 0.34,
    "FR": 0.29,
    "EN": 0.43137254901960786,
    "ES": 0.4504950495049505,
    "DE": 0.225,
    "FI": 0.26,
    "EU": 0.21212121212121213,
    "CA": 0.41,
    "FA": 0.24,
    "CS": 0.2
}