{
    "ACC": 0.7463556851311953,
    "AUC": NaN,
    "AUPRC": 1.0,
    "IT": 0.79,
    "SV": 0.9132653061224489,
    "AR": 0.8,
    "ZH": 0.8,
    "HI": 0.575,
    "FR": 0.63,
    "EN": 0.8774509803921569,
    "ES": 0.7475247524752475,
    "DE": 0.805,
    "FI": 0.605,
    "EU": 0.7272727272727273,
    "CA": 0.79,
    "FA": 0.57,
    "CS": 0.74
}