{
    "ACC": 0.3881715951686797,
    "AUC": NaN,
    "AUPRC": 1.0,
    "IT": 0.405,
    "SV": 0.2627551020408163,
    "AR": 0.2725,
    "ZH": 0.495,
    "HI": 0.395,
    "FR": 0.355,
    "EN": 0.6642156862745098,
    "ES": 0.44801980198019803,
    "DE": 0.4,
    "FI": 0.31,
    "EU": 0.3181818181818182,
    "CA": 0.43,
    "FA": 0.345,
    "CS": 0.19
}