{
    "ACC": 0.20116618075801748,
    "AUC": NaN,
    "AUPRC": 1.0,
    "IT": 0.135,
    "SV": 0.22448979591836735,
    "AR": 0.27,
    "ZH": 0.22,
    "HI": 0.265,
    "FR": 0.22,
    "EN": 0.08823529411764706,
    "ES": 0.17326732673267325,
    "DE": 0.225,
    "FI": 0.175,
    "EU": 0.25252525252525254,
    "CA": 0.18,
    "FA": 0.21,
    "CS": 0.2
}