{
    "ACC": 0.5895460224906289,
    "AUC": NaN,
    "AUPRC": 1.0,
    "IT": 0.565,
    "SV": 0.5867346938775511,
    "AR": 0.64,
    "ZH": 0.6375,
    "HI": 0.555,
    "FR": 0.4925,
    "EN": 0.7647058823529411,
    "ES": 0.5321782178217822,
    "DE": 0.605,
    "FI": 0.505,
    "EU": 0.6262626262626263,
    "CA": 0.64,
    "FA": 0.545,
    "CS": 0.565
}