{
    "ACC": 0.20283215326947104,
    "AUC": NaN,
    "AUPRC": 1.0,
    "IT": 0.11,
    "SV": 0.05612244897959184,
    "AR": 0.21,
    "ZH": 0.325,
    "HI": 0.295,
    "FR": 0.195,
    "EN": 0.27941176470588236,
    "ES": 0.13366336633663367,
    "DE": 0.32,
    "FI": 0.16,
    "EU": 0.1111111111111111,
    "CA": 0.1,
    "FA": 0.31,
    "CS": 0.17
}