{
    "ACC": 0.7205331112036651,
    "AUC": NaN,
    "AUPRC": 1.0,
    "IT": 0.785,
    "SV": 0.9132653061224489,
    "AR": 0.775,
    "ZH": 0.795,
    "HI": 0.57,
    "FR": 0.58,
    "EN": 0.8872549019607843,
    "ES": 0.7029702970297029,
    "DE": 0.79,
    "FI": 0.465,
    "EU": 0.7272727272727273,
    "CA": 0.76,
    "FA": 0.64,
    "CS": 0.64
}