{
    "ACC": 0.23573511037067887,
    "AUC": NaN,
    "AUPRC": 1.0,
    "IT": 0.225,
    "SV": 0.07142857142857142,
    "AR": 0.22,
    "ZH": 0.115,
    "HI": 0.355,
    "FR": 0.355,
    "EN": 0.12745098039215685,
    "ES": 0.25742574257425743,
    "DE": 0.135,
    "FI": 0.325,
    "EU": 0.1919191919191919,
    "CA": 0.26,
    "FA": 0.51,
    "CS": 0.32
}