{
    "ACC": 0.12952936276551436,
    "AUC": NaN,
    "AUPRC": 1.0,
    "IT": 0.08,
    "SV": 0.08673469387755102,
    "AR": 0.145,
    "ZH": 0.205,
    "HI": 0.13,
    "FR": 0.195,
    "EN": 0.04411764705882353,
    "ES": 0.12871287128712872,
    "DE": 0.18,
    "FI": 0.145,
    "EU": 0.1111111111111111,
    "CA": 0.07,
    "FA": 0.13,
    "CS": 0.12
}