{
    "ACC": 0.2053311120366514,
    "AUC": NaN,
    "AUPRC": 1.0,
    "IT": 0.14,
    "SV": 0.1326530612244898,
    "AR": 0.195,
    "ZH": 0.37,
    "HI": 0.31,
    "FR": 0.18,
    "EN": 0.17647058823529413,
    "ES": 0.15346534653465346,
    "DE": 0.16,
    "FI": 0.215,
    "EU": 0.2222222222222222,
    "CA": 0.22,
    "FA": 0.24,
    "CS": 0.18
}