{
    "ACC": 0.5335276967930029,
    "AUC": NaN,
    "AUPRC": 1.0,
    "IT": 0.51,
    "SV": 0.5,
    "AR": 0.585,
    "ZH": 0.59,
    "HI": 0.45,
    "FR": 0.41,
    "EN": 0.8088235294117647,
    "ES": 0.45544554455445546,
    "DE": 0.565,
    "FI": 0.435,
    "EU": 0.5959595959595959,
    "CA": 0.59,
    "FA": 0.4,
    "CS": 0.59
}