{
    "ACC": 0.18284048313202833,
    "AUC": NaN,
    "AUPRC": 1.0,
    "IT": 0.115,
    "SV": 0.09693877551020408,
    "AR": 0.21,
    "ZH": 0.1,
    "HI": 0.35,
    "FR": 0.21,
    "EN": 0.14215686274509803,
    "ES": 0.1782178217821782,
    "DE": 0.14,
    "FI": 0.22,
    "EU": 0.13131313131313133,
    "CA": 0.24,
    "FA": 0.26,
    "CS": 0.23
}