{
    "ACC": 0.6822157434402333,
    "AUC": NaN,
    "AUPRC": 1.0,
    "IT": 0.7475,
    "SV": 0.7831632653061225,
    "AR": 0.5475,
    "ZH": 0.815,
    "HI": 0.5075,
    "FR": 0.57,
    "EN": 0.8235294117647058,
    "ES": 0.6658415841584159,
    "DE": 0.8025,
    "FI": 0.6225,
    "EU": 0.6060606060606061,
    "CA": 0.645,
    "FA": 0.635,
    "CS": 0.715
}