{
    "ACC": 0.1445231153685964,
    "AUC": NaN,
    "AUPRC": 1.0,
    "IT": 0.075,
    "SV": 0.04081632653061224,
    "AR": 0.175,
    "ZH": 0.105,
    "HI": 0.245,
    "FR": 0.165,
    "EN": 0.11764705882352941,
    "ES": 0.13861386138613863,
    "DE": 0.165,
    "FI": 0.185,
    "EU": 0.12121212121212122,
    "CA": 0.16,
    "FA": 0.23,
    "CS": 0.13
}