{
    "ACC": 0.436484798000833,
    "AUC": NaN,
    "AUPRC": 1.0,
    "IT": 0.485,
    "SV": 0.336734693877551,
    "AR": 0.245,
    "ZH": 0.575,
    "HI": 0.335,
    "FR": 0.38,
    "EN": 0.8578431372549019,
    "ES": 0.5,
    "DE": 0.555,
    "FI": 0.32,
    "EU": 0.36363636363636365,
    "CA": 0.44,
    "FA": 0.22,
    "CS": 0.25
}