{
    "ACC": 0.18284048313202833,
    "AUC": NaN,
    "AUPRC": 1.0,
    "IT": 0.105,
    "SV": 0.08163265306122448,
    "AR": 0.16,
    "ZH": 0.14,
    "HI": 0.34,
    "FR": 0.245,
    "EN": 0.18627450980392157,
    "ES": 0.15841584158415842,
    "DE": 0.165,
    "FI": 0.235,
    "EU": 0.2222222222222222,
    "CA": 0.18,
    "FA": 0.23,
    "CS": 0.12
}