{
    "ACC": 0.4868804664723032,
    "AUC": NaN,
    "AUPRC": 1.0,
    "IT": 0.5225,
    "SV": 0.3979591836734694,
    "AR": 0.3775,
    "ZH": 0.6625,
    "HI": 0.3775,
    "FR": 0.4425,
    "EN": 0.7794117647058824,
    "ES": 0.48267326732673266,
    "DE": 0.6625,
    "FI": 0.345,
    "EU": 0.35858585858585856,
    "CA": 0.455,
    "FA": 0.45,
    "CS": 0.305
}