{
    "ACC": 0.19054560599750103,
    "AUC": NaN,
    "AUPRC": 1.0,
    "IT": 0.1175,
    "SV": 0.14030612244897958,
    "AR": 0.2025,
    "ZH": 0.3425,
    "HI": 0.2625,
    "FR": 0.175,
    "EN": 0.15441176470588236,
    "ES": 0.1485148514851485,
    "DE": 0.16,
    "FI": 0.2025,
    "EU": 0.2222222222222222,
    "CA": 0.15,
    "FA": 0.22,
    "CS": 0.17
}