{
    "ACC": 0.3844231570179092,
    "AUC": NaN,
    "AUPRC": 1.0,
    "IT": 0.405,
    "SV": 0.14795918367346939,
    "AR": 0.25,
    "ZH": 0.545,
    "HI": 0.415,
    "FR": 0.315,
    "EN": 0.7745098039215687,
    "ES": 0.44554455445544555,
    "DE": 0.4,
    "FI": 0.27,
    "EU": 0.2828282828282828,
    "CA": 0.41,
    "FA": 0.38,
    "CS": 0.19
}