{
    "ACC": 0.07038733860891296,
    "AUC": NaN,
    "AUPRC": 1.0,
    "IT": 0.065,
    "SV": 0.030612244897959183,
    "AR": 0.05,
    "ZH": 0.04,
    "HI": 0.11,
    "FR": 0.105,
    "EN": 0.0196078431372549,
    "ES": 0.09900990099009901,
    "DE": 0.045,
    "FI": 0.12,
    "EU": 0.050505050505050504,
    "CA": 0.08,
    "FA": 0.12,
    "CS": 0.07
}