{
    "ACC": 0.24698042482299043,
    "AUC": NaN,
    "AUPRC": 1.0,
    "IT": 0.1075,
    "SV": 0.11479591836734694,
    "AR": 0.2025,
    "ZH": 0.47,
    "HI": 0.265,
    "FR": 0.2525,
    "EN": 0.45588235294117646,
    "ES": 0.15346534653465346,
    "DE": 0.365,
    "FI": 0.17,
    "EU": 0.1414141414141414,
    "CA": 0.165,
    "FA": 0.28,
    "CS": 0.215
}