{
    "ACC": 0.24614743856726365,
    "AUC": NaN,
    "AUPRC": 1.0,
    "IT": 0.1,
    "SV": 0.061224489795918366,
    "AR": 0.2,
    "ZH": 0.46,
    "HI": 0.305,
    "FR": 0.245,
    "EN": 0.5,
    "ES": 0.15346534653465346,
    "DE": 0.355,
    "FI": 0.165,
    "EU": 0.10101010101010101,
    "CA": 0.2,
    "FA": 0.31,
    "CS": 0.19
}