{
    "ACC": 0.17326114119117034,
    "AUC": NaN,
    "AUPRC": 1.0,
    "IT": 0.1,
    "SV": 0.061224489795918366,
    "AR": 0.225,
    "ZH": 0.155,
    "HI": 0.325,
    "FR": 0.215,
    "EN": 0.15196078431372548,
    "ES": 0.13861386138613863,
    "DE": 0.18,
    "FI": 0.185,
    "EU": 0.1111111111111111,
    "CA": 0.16,
    "FA": 0.28,
    "CS": 0.13
}