{
    "ACC": 0.2478134110787172,
    "AUC": NaN,
    "AUPRC": 1.0,
    "IT": 0.115,
    "SV": 0.1683673469387755,
    "AR": 0.205,
    "ZH": 0.48,
    "HI": 0.225,
    "FR": 0.26,
    "EN": 0.4117647058823529,
    "ES": 0.15346534653465346,
    "DE": 0.375,
    "FI": 0.175,
    "EU": 0.18181818181818182,
    "CA": 0.13,
    "FA": 0.25,
    "CS": 0.24
}