{
    "ACC": 0.5431070387338609,
    "AUC": NaN,
    "AUPRC": 1.0,
    "IT": 0.585,
    "SV": 0.5102040816326531,
    "AR": 0.51,
    "ZH": 0.655,
    "HI": 0.405,
    "FR": 0.545,
    "EN": 0.7254901960784313,
    "ES": 0.5396039603960396,
    "DE": 0.675,
    "FI": 0.435,
    "EU": 0.47474747474747475,
    "CA": 0.49,
    "FA": 0.48,
    "CS": 0.41
}