{
    "ACC": 0.7521865889212828,
    "AUC": NaN,
    "AUPRC": 1.0,
    "IT": 0.82,
    "SV": 0.8239795918367347,
    "AR": 0.8025,
    "ZH": 0.765,
    "HI": 0.6325,
    "FR": 0.6975,
    "EN": 0.8431372549019608,
    "ES": 0.7821782178217822,
    "DE": 0.815,
    "FI": 0.585,
    "EU": 0.7474747474747475,
    "CA": 0.76,
    "FA": 0.655,
    "CS": 0.755
}