{
    "ACC": 0.5985006247396918,
    "AUC": NaN,
    "AUPRC": 1.0,
    "IT": 0.595,
    "SV": 0.1836734693877551,
    "AR": 0.48,
    "ZH": 0.63,
    "HI": 0.77,
    "FR": 0.61,
    "EN": 0.9019607843137255,
    "ES": 0.6435643564356436,
    "DE": 0.57,
    "FI": 0.595,
    "EU": 0.46464646464646464,
    "CA": 0.68,
    "FA": 0.81,
    "CS": 0.42
}