{
    "ACC": 0.334027488546439,
    "AUC": NaN,
    "AUPRC": 1.0,
    "IT": 0.35,
    "SV": 0.10204081632653061,
    "AR": 0.225,
    "ZH": 0.53,
    "HI": 0.295,
    "FR": 0.25,
    "EN": 0.7352941176470589,
    "ES": 0.31683168316831684,
    "DE": 0.475,
    "FI": 0.17,
    "EU": 0.20202020202020202,
    "CA": 0.35,
    "FA": 0.41,
    "CS": 0.13
}