{
    "ACC": 0.758850478967097,
    "AUC": NaN,
    "AUPRC": 1.0,
    "IT": 0.79,
    "SV": 0.9285714285714286,
    "AR": 0.79,
    "ZH": 0.86,
    "HI": 0.55,
    "FR": 0.62,
    "EN": 0.9362745098039216,
    "ES": 0.7673267326732673,
    "DE": 0.845,
    "FI": 0.635,
    "EU": 0.7777777777777778,
    "CA": 0.76,
    "FA": 0.51,
    "CS": 0.72
}