{
    "ACC": 0.1320283215326947,
    "AUC": NaN,
    "AUPRC": 1.0,
    "IT": 0.115,
    "SV": 0.05612244897959184,
    "AR": 0.14,
    "ZH": 0.07,
    "HI": 0.205,
    "FR": 0.22,
    "EN": 0.06372549019607843,
    "ES": 0.17326732673267325,
    "DE": 0.07,
    "FI": 0.25,
    "EU": 0.10101010101010101,
    "CA": 0.14,
    "FA": 0.14,
    "CS": 0.06
}