{
    "ACC": 0.355893377759267,
    "AUC": NaN,
    "AUPRC": 1.0,
    "IT": 0.295,
    "SV": 0.22704081632653061,
    "AR": 0.3375,
    "ZH": 0.455,
    "HI": 0.39,
    "FR": 0.36,
    "EN": 0.41421568627450983,
    "ES": 0.504950495049505,
    "DE": 0.2975,
    "FI": 0.32,
    "EU": 0.3181818181818182,
    "CA": 0.48,
    "FA": 0.29,
    "CS": 0.24
}