{
    "ACC": 0.2948771345272803,
    "AUC": NaN,
    "AUPRC": 1.0,
    "IT": 0.225,
    "SV": 0.09183673469387756,
    "AR": 0.37,
    "ZH": 0.125,
    "HI": 0.5,
    "FR": 0.41,
    "EN": 0.2107843137254902,
    "ES": 0.28217821782178215,
    "DE": 0.19,
    "FI": 0.355,
    "EU": 0.29292929292929293,
    "CA": 0.3,
    "FA": 0.66,
    "CS": 0.3
}