{
    "ACC": 0.24656393169512703,
    "AUC": NaN,
    "AUPRC": 1.0,
    "IT": 0.16,
    "SV": 0.05612244897959184,
    "AR": 0.24,
    "ZH": 0.44,
    "HI": 0.305,
    "FR": 0.205,
    "EN": 0.4068627450980392,
    "ES": 0.22772277227722773,
    "DE": 0.33,
    "FI": 0.16,
    "EU": 0.1919191919191919,
    "CA": 0.22,
    "FA": 0.36,
    "CS": 0.07
}