{
    "ACC": 0.1842982090795502,
    "AUC": NaN,
    "AUPRC": 1.0,
    "IT": 0.1075,
    "SV": 0.11479591836734694,
    "AR": 0.25,
    "ZH": 0.2125,
    "HI": 0.2725,
    "FR": 0.23,
    "EN": 0.12254901960784313,
    "ES": 0.14356435643564355,
    "DE": 0.23,
    "FI": 0.185,
    "EU": 0.1414141414141414,
    "CA": 0.14,
    "FA": 0.235,
    "CS": 0.17
}