{
    "ACC": 0.19200333194502292,
    "AUC": NaN,
    "AUPRC": 1.0,
    "IT": 0.125,
    "SV": 0.16071428571428573,
    "AR": 0.24,
    "ZH": 0.16,
    "HI": 0.3075,
    "FR": 0.215,
    "EN": 0.11519607843137254,
    "ES": 0.17574257425742573,
    "DE": 0.1825,
    "FI": 0.1975,
    "EU": 0.1919191919191919,
    "CA": 0.21,
    "FA": 0.235,
    "CS": 0.215
}