{
    "ACC": 0.16326530612244897,
    "AUC": NaN,
    "AUPRC": 1.0,
    "IT": 0.085,
    "SV": 0.0663265306122449,
    "AR": 0.21,
    "ZH": 0.1,
    "HI": 0.265,
    "FR": 0.19,
    "EN": 0.12254901960784313,
    "ES": 0.13861386138613863,
    "DE": 0.25,
    "FI": 0.155,
    "EU": 0.1414141414141414,
    "CA": 0.16,
    "FA": 0.3,
    "CS": 0.15
}