{
    "ACC": 0.21970012494793836,
    "AUC": NaN,
    "AUPRC": 1.0,
    "IT": 0.135,
    "SV": 0.11989795918367346,
    "AR": 0.22,
    "ZH": 0.355,
    "HI": 0.25,
    "FR": 0.2575,
    "EN": 0.26715686274509803,
    "ES": 0.14356435643564355,
    "DE": 0.3475,
    "FI": 0.195,
    "EU": 0.14646464646464646,
    "CA": 0.1,
    "FA": 0.255,
    "CS": 0.185
}