{
    "ACC": 0.5830903790087464,
    "AUC": NaN,
    "AUPRC": 1.0,
    "IT": 0.63,
    "SV": 0.6173469387755102,
    "AR": 0.485,
    "ZH": 0.655,
    "HI": 0.555,
    "FR": 0.535,
    "EN": 0.7303921568627451,
    "ES": 0.599009900990099,
    "DE": 0.665,
    "FI": 0.48,
    "EU": 0.5555555555555556,
    "CA": 0.66,
    "FA": 0.39,
    "CS": 0.48
}