{
    "ACC": 0.4306538942107455,
    "AUC": NaN,
    "AUPRC": 1.0,
    "IT": 0.46,
    "SV": 0.2857142857142857,
    "AR": 0.245,
    "ZH": 0.67,
    "HI": 0.35,
    "FR": 0.34,
    "EN": 0.8333333333333334,
    "ES": 0.42574257425742573,
    "DE": 0.65,
    "FI": 0.255,
    "EU": 0.24242424242424243,
    "CA": 0.42,
    "FA": 0.42,
    "CS": 0.2
}