{
    "ACC": 0.1834652228238234,
    "AUC": NaN,
    "AUPRC": 1.0,
    "IT": 0.0975,
    "SV": 0.125,
    "AR": 0.205,
    "ZH": 0.2125,
    "HI": 0.275,
    "FR": 0.2325,
    "EN": 0.16176470588235295,
    "ES": 0.15594059405940594,
    "DE": 0.185,
    "FI": 0.1875,
    "EU": 0.23232323232323232,
    "CA": 0.155,
    "FA": 0.23,
    "CS": 0.11
}