{
    "ACC": 0.5097875885047897,
    "AUC": NaN,
    "AUPRC": 1.0,
    "IT": 0.5575,
    "SV": 0.4770408163265306,
    "AR": 0.365,
    "ZH": 0.615,
    "HI": 0.445,
    "FR": 0.4575,
    "EN": 0.7941176470588235,
    "ES": 0.5495049504950495,
    "DE": 0.61,
    "FI": 0.4,
    "EU": 0.4595959595959596,
    "CA": 0.55,
    "FA": 0.305,
    "CS": 0.365
}