{
    "ACC": 0.5889212827988338,
    "AUC": NaN,
    "AUPRC": 1.0,
    "IT": 0.775,
    "SV": 0.7397959183673469,
    "AR": 0.475,
    "ZH": 0.625,
    "HI": 0.39,
    "FR": 0.485,
    "EN": 0.8284313725490197,
    "ES": 0.5792079207920792,
    "DE": 0.76,
    "FI": 0.45,
    "EU": 0.40404040404040403,
    "CA": 0.7,
    "FA": 0.4,
    "CS": 0.41
}