{
    "ACC": 0.13702623906705538,
    "AUC": NaN,
    "AUPRC": 1.0,
    "IT": 0.0775,
    "SV": 0.06377551020408163,
    "AR": 0.16,
    "ZH": 0.155,
    "HI": 0.1875,
    "FR": 0.18,
    "EN": 0.08088235294117647,
    "ES": 0.13366336633663367,
    "DE": 0.1725,
    "FI": 0.165,
    "EU": 0.11616161616161616,
    "CA": 0.115,
    "FA": 0.18,
    "CS": 0.125
}