{
    "ACC": 0.3631820074968763,
    "AUC": NaN,
    "AUPRC": 1.0,
    "IT": 0.5,
    "SV": 0.14795918367346939,
    "AR": 0.525,
    "ZH": 0.485,
    "HI": 0.355,
    "FR": 0.25,
    "EN": 0.46568627450980393,
    "ES": 0.3910891089108911,
    "DE": 0.37,
    "FI": 0.245,
    "EU": 0.25252525252525254,
    "CA": 0.37,
    "FA": 0.46,
    "CS": 0.15
}