{
    "ACC": 0.5722615576842982,
    "AUC": NaN,
    "AUPRC": 1.0,
    "IT": 0.655,
    "SV": 0.6224489795918368,
    "AR": 0.615,
    "ZH": 0.41,
    "HI": 0.565,
    "FR": 0.44,
    "EN": 0.8235294117647058,
    "ES": 0.6188118811881188,
    "DE": 0.52,
    "FI": 0.445,
    "EU": 0.46464646464646464,
    "CA": 0.61,
    "FA": 0.65,
    "CS": 0.57
}