{
    "ACC": 0.7138692211578509,
    "AUC": NaN,
    "AUPRC": 1.0,
    "IT": 0.78,
    "SV": 0.7295918367346939,
    "AR": 0.63,
    "ZH": 0.79,
    "HI": 0.565,
    "FR": 0.655,
    "EN": 0.7843137254901961,
    "ES": 0.693069306930693,
    "DE": 0.825,
    "FI": 0.685,
    "EU": 0.6767676767676768,
    "CA": 0.69,
    "FA": 0.75,
    "CS": 0.74
}