{
    "ACC": 0.5406080799666806,
    "AUC": NaN,
    "AUPRC": 1.0,
    "IT": 0.65,
    "SV": 0.7806122448979592,
    "AR": 0.665,
    "ZH": 0.24,
    "HI": 0.51,
    "FR": 0.345,
    "EN": 0.5882352941176471,
    "ES": 0.4801980198019802,
    "DE": 0.66,
    "FI": 0.37,
    "EU": 0.6363636363636364,
    "CA": 0.7,
    "FA": 0.74,
    "CS": 0.33
}