{
    "ACC": 0.3290295710120783,
    "AUC": NaN,
    "AUPRC": 1.0,
    "IT": 0.34,
    "SV": 0.09693877551020408,
    "AR": 0.26,
    "ZH": 0.49,
    "HI": 0.31,
    "FR": 0.385,
    "EN": 0.6323529411764706,
    "ES": 0.24752475247524752,
    "DE": 0.475,
    "FI": 0.15,
    "EU": 0.20202020202020202,
    "CA": 0.36,
    "FA": 0.41,
    "CS": 0.13
}