{
    "ACC": 0.39941690962099125,
    "AUC": NaN,
    "AUPRC": 1.0,
    "IT": 0.485,
    "SV": 0.14795918367346939,
    "AR": 0.315,
    "ZH": 0.275,
    "HI": 0.46,
    "FR": 0.405,
    "EN": 0.7450980392156863,
    "ES": 0.32673267326732675,
    "DE": 0.48,
    "FI": 0.345,
    "EU": 0.25252525252525254,
    "CA": 0.54,
    "FA": 0.47,
    "CS": 0.33
}