{
    "ACC": 0.4973825503355705,
    "AUC": 0.5135021588081718,
    "AUPRC": 0.5862191102648994
}