{
    "ACC": 0.5713422818791947,
    "AUC": 0.5677931621803511,
    "AUPRC": 0.706475922853504
}