{
    "ACC": 0.4961744966442953,
    "AUC": 0.4840368179185588,
    "AUPRC": 0.7081099051035591
}