{
    "ACC": 0.5143624161073825,
    "AUC": 0.4999745598034068,
    "AUPRC": 0.7311886175880319
}