{
    "ACC": 0.4906711409395973,
    "AUC": 0.507205619937897,
    "AUPRC": 0.5647917298985671
}