{
    "ACC": 0.5069798657718121,
    "AUC": 0.48936347184708456,
    "AUPRC": 0.7465689028970319
}