{
    "ACC": 0.5064429530201342,
    "AUC": 0.4899220736105773,
    "AUPRC": 0.7397534911962415
}