{
    "ACC": 0.4906040268456376,
    "AUC": 0.5049180771541621,
    "AUPRC": 0.5589308523362091
}