{
    "ACC": 0.48570469798657717,
    "AUC": 0.5035355558322102,
    "AUPRC": 0.5601330059800569
}