{
    "ACC": 0.47798657718120807,
    "AUC": 0.46686134732002865,
    "AUPRC": 0.6919326885507634
}