{
    "ACC": 0.4859731543624161,
    "AUC": 0.5036427294263687,
    "AUPRC": 0.5571667809834717
}