{
    "ACC": 0.5019463087248323,
    "AUC": 0.48926107956647014,
    "AUPRC": 0.7145156555811647
}