{
    "ACC": 0.49718120805369126,
    "AUC": 0.5126867193152437,
    "AUPRC": 0.5789073491732307
}