{
    "ACC": 0.5151677852348994,
    "AUC": 0.5226812884647654,
    "AUPRC": 0.6152667766511051
}