{
    "ACC": 0.5046308724832215,
    "AUC": 0.48707430522101397,
    "AUPRC": 0.7450391595979238
}