{
    "ACC": 0.49154362416107383,
    "AUC": 0.5095115662681036,
    "AUPRC": 0.6329234480486869
}