{
    "ACC": 0.5483221476510067,
    "AUC": 0.554806483100312,
    "AUPRC": 0.6522898180073751
}