{
    "ACC": 0.48651006711409395,
    "AUC": 0.5049735584339664,
    "AUPRC": 0.6611915703982514
}