{
    "ACC": 0.4918120805369128,
    "AUC": 0.4753816480556292,
    "AUPRC": 0.7317903611219173
}