{
    "ACC": 0.5286577181208054,
    "AUC": 0.5361978814270326,
    "AUPRC": 0.6295811533388012
}