{
    "ACC": 0.5251006711409396,
    "AUC": 0.5322493283607672,
    "AUPRC": 0.6269758263153089
}