{
    "ACC": 0.4348993288590604,
    "AUC": 0.42408699464673305,
    "AUPRC": 0.6659001040596169
}