{
    "ACC": 0.4995973154362416,
    "AUC": 0.4834709088645553,
    "AUPRC": 0.7339103885023831
}