{
    "ACC": 0.49154362416107383,
    "AUC": 0.5096227092546383,
    "AUPRC": 0.6499553760492306
}