{
    "ACC": 0.4853691275167785,
    "AUC": 0.5038183750390173,
    "AUPRC": 0.6248274143400964
}