{
    "ACC": 0.5001342281879194,
    "AUC": 0.5127087314002392,
    "AUPRC": 0.580775900975038
}