{
    "ACC": 0.5005369127516779,
    "AUC": 0.48404809460144593,
    "AUPRC": 0.7365687258772449
}