{
    "ACC": 0.5022818791946309,
    "AUC": 0.4874879339493109,
    "AUPRC": 0.7272939079749757
}