{
    "ACC": 0.543020134228188,
    "AUC": 0.5451800750936867,
    "AUPRC": 0.6615272374850663
}