{
    "ACC": 0.5247651006711409,
    "AUC": 0.5129962417071274,
    "AUPRC": 0.7215502987665311
}