{
    "ACC": 0.4975838926174497,
    "AUC": 0.512650453503079,
    "AUPRC": 0.5773939636842084
}