{
    "ACC": 0.4804697986577181,
    "AUC": 0.49718687358026564,
    "AUPRC": 0.5186524319181375
}