{
    "ACC": 0.48959731543624163,
    "AUC": 0.5069385880871319,
    "AUPRC": 0.5743246934360979
}