{
    "ACC": 0.5758389261744966,
    "AUC": 0.5805535858949445,
    "AUPRC": 0.6815527903804288
}