{
    "ACC": 0.5177181208053692,
    "AUC": 0.5160002598147737,
    "AUPRC": 0.6612527081755313
}