{
    "ACC": 0.49523489932885906,
    "AUC": 0.5105229494028771,
    "AUPRC": 0.5718142271472896
}