{
    "ACC": 0.5021476510067114,
    "AUC": 0.48559543592047505,
    "AUPRC": 0.7377657617229184
}