{
    "ACC": 0.48845637583892615,
    "AUC": 0.505596482396647,
    "AUPRC": 0.5623506681258895
}