{
    "ACC": 0.5085234899328859,
    "AUC": 0.49624161691394175,
    "AUPRC": 0.7156805638735958
}