{
    "ACC": 0.5738255033557047,
    "AUC": 0.570822981338443,
    "AUPRC": 0.7057063274161599
}