{
    "ACC": 0.5106040268456375,
    "AUC": 0.49284625280338334,
    "AUPRC": 0.7492172528803432
}