{
    "ACC": 0.49671140939597314,
    "AUC": 0.5138404592947833,
    "AUPRC": 0.6099532590208365
}