{
    "ACC": 0.4963758389261745,
    "AUC": 0.4800832128983601,
    "AUPRC": 0.7332731610932204
}