{
    "ACC": 0.5221476510067115,
    "AUC": 0.519359989607409,
    "AUPRC": 0.6700050308219131
}