{
    "ACC": 0.49006711409395975,
    "AUC": 0.5059970301727948,
    "AUPRC": 0.558159229533369
}