{
    "ACC": 0.49671140939597314,
    "AUC": 0.47964378311961764,
    "AUPRC": 0.7381289548021213
}